,open,high,low,close,volume,open_interest
2019-01-01 09:15:00,2815.0,2815.0,2815.0,2815.0,0.0,0.0
2019-01-01 09:16:00,2815.0,2815.0,2815.0,2815.0,0.0,0.0
2019-01-01 09:17:00,2815.0,2815.0,2815.0,2815.0,0.0,0.0
2019-01-01 09:18:00,2815.0,2815.0,2815.0,2815.0,0.0,0.0
2019-01-01 09:19:00,2815.0,2815.0,2815.0,2815.0,0.0,0.0
2019-01-01 09:20:00,2815.0,2815.0,2815.0,2815.0,0.0,0.0
2019-01-01 09:21:00,2815.0,2815.0,2815.0,2815.0,0.0,0.0
2019-01-01 09:22:00,2815.0,2815.0,2815.0,2815.0,0.0,0.0
2019-01-01 09:23:00,2815.0,2815.0,2815.0,2815.0,0.0,0.0
2019-01-01 09:24:00,2815.0,2815.0,2815.0,2815.0,0.0,0.0
2019-01-01 09:25:00,2815.0,2815.0,2815.0,2815.0,0.0,0.0
2019-01-01 09:26:00,2815.0,2815.0,2815.0,2815.0,0.0,0.0
2019-01-01 09:27:00,2815.0,2815.0,2815.0,2815.0,0.0,0.0
2019-01-01 09:28:00,2815.0,2815.0,2815.0,2815.0,0.0,0.0
2019-01-01 09:29:00,2815.0,2815.0,2815.0,2815.0,0.0,0.0
2019-01-01 09:30:00,2815.0,2815.0,2815.0,2815.0,0.0,0.0
2019-01-01 09:31:00,2815.0,2815.0,2815.0,2815.0,0.0,0.0
2019-01-01 09:32:00,2815.0,2815.0,2815.0,2815.0,0.0,0.0
2019-01-01 09:33:00,2815.0,2815.0,2815.0,2815.0,0.0,0.0
2019-01-01 09:34:00,2815.0,2815.0,2815.0,2815.0,0.0,0.0
2019-01-01 09:35:00,2815.0,2815.0,2815.0,2815.0,0.0,0.0
2019-01-01 09:36:00,2815.0,2815.0,2815.0,2815.0,0.0,0.0
2019-01-01 09:37:00,2815.0,2815.0,2815.0,2815.0,0.0,0.0
2019-01-01 09:38:00,2815.0,2815.0,2815.0,2815.0,0.0,0.0
2019-01-01 09:39:00,2815.0,2815.0,2815.0,2815.0,0.0,0.0
2019-01-01 09:40:00,2815.0,2815.0,2815.0,2815.0,0.0,0.0
2019-01-01 09:41:00,2815.0,2815.0,2815.0,2815.0,0.0,0.0
2019-01-01 09:42:00,2815.0,2815.0,2815.0,2815.0,0.0,0.0
2019-01-01 09:43:00,2815.0,2815.0,2815.0,2815.0,0.0,0.0
2019-01-01 09:44:00,2815.0,2815.0,2815.0,2815.0,0.0,0.0
2019-01-01 09:45:00,2815.0,2815.0,2815.0,2815.0,0.0,0.0
2019-01-01 09:46:00,2815.0,2815.0,2815.0,2815.0,0.0,0.0
2019-01-01 09:47:00,2815.0,2815.0,2815.0,2815.0,0.0,0.0
2019-01-01 09:48:00,2815.0,2815.0,2815.0,2815.0,0.0,0.0
2019-01-01 09:49:00,2815.0,2815.0,2815.0,2815.0,0.0,0.0
2019-01-01 09:50:00,2815.0,2815.0,2815.0,2815.0,0.0,0.0
2019-01-01 09:51:00,2815.0,2815.0,2815.0,2815.0,0.0,0.0
2019-01-01 09:52:00,2815.0,2815.0,2815.0,2815.0,0.0,0.0
2019-01-01 09:53:00,2815.0,2815.0,2815.0,2815.0,0.0,0.0
2019-01-01 09:54:00,2815.0,2815.0,2815.0,2815.0,0.0,0.0
2019-01-01 09:55:00,2815.0,2815.0,2815.0,2815.0,0.0,0.0
2019-01-01 09:56:00,2815.0,2815.0,2815.0,2815.0,0.0,0.0
2019-01-01 09:57:00,2815.0,2815.0,2815.0,2815.0,0.0,0.0
2019-01-01 09:58:00,2815.0,2815.0,2815.0,2815.0,0.0,0.0
2019-01-01 09:59:00,2815.0,2815.0,2815.0,2815.0,0.0,0.0
2019-01-01 10:00:00,2815.0,2815.0,2815.0,2815.0,0.0,0.0
2019-01-01 10:01:00,2815.0,2815.0,2815.0,2815.0,0.0,0.0
2019-01-01 10:02:00,2815.0,2815.0,2815.0,2815.0,0.0,0.0
2019-01-01 10:03:00,2815.0,2815.0,2815.0,2815.0,0.0,0.0
2019-01-01 10:04:00,2815.0,2815.0,2815.0,2815.0,0.0,0.0
2019-01-01 10:05:00,2815.0,2815.0,2815.0,2815.0,0.0,0.0
2019-01-01 10:06:00,2815.0,2815.0,2815.0,2815.0,0.0,0.0
2019-01-01 10:07:00,2815.0,2815.0,2815.0,2815.0,0.0,0.0
2019-01-01 10:08:00,2815.0,2815.0,2815.0,2815.0,0.0,0.0
2019-01-01 10:09:00,2815.0,2815.0,2815.0,2815.0,0.0,0.0
2019-01-01 10:10:00,2815.0,2815.0,2815.0,2815.0,0.0,0.0
2019-01-01 10:11:00,2815.0,2815.0,2815.0,2815.0,0.0,0.0
2019-01-01 10:12:00,2815.0,2815.0,2815.0,2815.0,0.0,0.0
2019-01-01 10:13:00,2815.0,2815.0,2815.0,2815.0,0.0,0.0
2019-01-01 10:14:00,2815.0,2815.0,2815.0,2815.0,0.0,0.0
2019-01-01 10:15:00,2815.0,2815.0,2815.0,2815.0,0.0,0.0
2019-01-01 10:16:00,2815.0,2815.0,2815.0,2815.0,0.0,0.0
2019-01-01 10:17:00,2815.0,2815.0,2815.0,2815.0,0.0,0.0
2019-01-01 10:18:00,2815.0,2815.0,2815.0,2815.0,0.0,0.0
2019-01-01 10:19:00,2815.0,2815.0,2815.0,2815.0,0.0,0.0
2019-01-01 10:20:00,2815.0,2815.0,2815.0,2815.0,0.0,0.0
2019-01-01 10:21:00,2815.0,2815.0,2815.0,2815.0,0.0,0.0
2019-01-01 10:22:00,2815.0,2815.0,2815.0,2815.0,0.0,0.0
2019-01-01 10:23:00,2815.0,2815.0,2815.0,2815.0,0.0,0.0
2019-01-01 10:24:00,2815.0,2815.0,2815.0,2815.0,0.0,0.0
2019-01-01 10:25:00,2815.0,2815.0,2815.0,2815.0,0.0,0.0
2019-01-01 10:26:00,2815.0,2815.0,2815.0,2815.0,0.0,0.0
2019-01-01 10:27:00,2815.0,2815.0,2815.0,2815.0,0.0,0.0
2019-01-01 10:28:00,2815.0,2815.0,2815.0,2815.0,0.0,0.0
2019-01-01 10:29:00,2815.0,2815.0,2815.0,2815.0,0.0,0.0
2019-01-01 10:30:00,2815.0,2815.0,2815.0,2815.0,0.0,0.0
2019-01-01 10:31:00,2815.0,2815.0,2815.0,2815.0,0.0,0.0
2019-01-01 10:32:00,2815.0,2815.0,2815.0,2815.0,0.0,0.0
2019-01-01 10:33:00,2815.0,2815.0,2815.0,2815.0,0.0,0.0
2019-01-01 10:34:00,2815.0,2815.0,2815.0,2815.0,0.0,0.0
2019-01-01 10:35:00,2815.0,2815.0,2815.0,2815.0,0.0,0.0
2019-01-01 10:36:00,2815.0,2815.0,2815.0,2815.0,0.0,0.0
2019-01-01 10:37:00,2815.0,2815.0,2815.0,2815.0,0.0,0.0
2019-01-01 10:38:00,2815.0,2815.0,2815.0,2815.0,0.0,0.0
2019-01-01 10:39:00,2815.0,2815.0,2815.0,2815.0,0.0,0.0
2019-01-01 10:40:00,2815.0,2815.0,2815.0,2815.0,0.0,0.0
2019-01-01 10:41:00,2815.0,2815.0,2815.0,2815.0,0.0,0.0
2019-01-01 10:42:00,2815.0,2815.0,2815.0,2815.0,0.0,0.0
2019-01-01 10:43:00,2815.0,2815.0,2815.0,2815.0,0.0,0.0
2019-01-01 10:44:00,2815.0,2815.0,2815.0,2815.0,0.0,0.0
2019-01-01 10:45:00,2815.0,2815.0,2815.0,2815.0,0.0,0.0
2019-01-01 10:46:00,2815.0,2815.0,2815.0,2815.0,0.0,0.0
2019-01-01 10:47:00,2815.0,2815.0,2815.0,2815.0,0.0,0.0
2019-01-01 10:48:00,2815.0,2815.0,2815.0,2815.0,0.0,0.0
2019-01-01 10:49:00,2815.0,2815.0,2815.0,2815.0,0.0,0.0
2019-01-01 10:50:00,2815.0,2815.0,2815.0,2815.0,0.0,0.0
2019-01-01 10:51:00,2815.0,2815.0,2815.0,2815.0,0.0,0.0
2019-01-01 10:52:00,2815.0,2815.0,2815.0,2815.0,0.0,0.0
2019-01-01 10:53:00,2815.0,2815.0,2815.0,2815.0,0.0,0.0
2019-01-01 10:54:00,2815.0,2815.0,2815.0,2815.0,0.0,0.0
2019-01-01 10:55:00,2815.0,2815.0,2815.0,2815.0,0.0,0.0
2019-01-01 10:56:00,2815.0,2815.0,2815.0,2815.0,0.0,0.0
2019-01-01 10:57:00,2815.0,2815.0,2815.0,2815.0,0.0,0.0
2019-01-01 10:58:00,2815.0,2815.0,2815.0,2815.0,0.0,0.0
2019-01-01 10:59:00,2815.0,2815.0,2815.0,2815.0,0.0,0.0
2019-01-01 11:00:00,2815.0,2815.0,2815.0,2815.0,0.0,0.0
2019-01-01 11:01:00,2815.0,2815.0,2815.0,2815.0,0.0,0.0
2019-01-01 11:02:00,2815.0,2815.0,2815.0,2815.0,0.0,0.0
2019-01-01 11:03:00,2815.0,2815.0,2815.0,2815.0,0.0,0.0
2019-01-01 11:04:00,2815.0,2815.0,2815.0,2815.0,0.0,0.0
2019-01-01 11:05:00,2815.0,2815.0,2815.0,2815.0,0.0,0.0
2019-01-01 11:06:00,2815.0,2815.0,2815.0,2815.0,0.0,0.0
2019-01-01 11:07:00,2815.0,2815.0,2815.0,2815.0,0.0,0.0
2019-01-01 11:08:00,2815.0,2815.0,2815.0,2815.0,0.0,0.0
2019-01-01 11:09:00,2815.0,2815.0,2815.0,2815.0,0.0,0.0
2019-01-01 11:10:00,2815.0,2815.0,2815.0,2815.0,0.0,0.0
2019-01-01 11:11:00,2815.0,2815.0,2815.0,2815.0,0.0,0.0
2019-01-01 11:12:00,2815.0,2815.0,2815.0,2815.0,0.0,0.0
2019-01-01 11:13:00,2815.0,2815.0,2815.0,2815.0,0.0,0.0
2019-01-01 11:14:00,2815.0,2815.0,2815.0,2815.0,0.0,0.0
2019-01-01 11:15:00,2815.0,2815.0,2815.0,2815.0,0.0,0.0
2019-01-01 11:16:00,2815.0,2815.0,2815.0,2815.0,0.0,0.0
2019-01-01 11:17:00,2815.0,2815.0,2815.0,2815.0,0.0,0.0
2019-01-01 11:18:00,2815.0,2815.0,2815.0,2815.0,0.0,0.0
2019-01-01 11:19:00,2815.0,2815.0,2815.0,2815.0,0.0,0.0
2019-01-01 11:20:00,2815.0,2815.0,2815.0,2815.0,0.0,0.0
2019-01-01 11:21:00,2815.0,2815.0,2815.0,2815.0,0.0,0.0
2019-01-01 11:22:00,2815.0,2815.0,2815.0,2815.0,0.0,0.0
2019-01-01 11:23:00,2815.0,2815.0,2815.0,2815.0,0.0,0.0
2019-01-01 11:24:00,2815.0,2815.0,2815.0,2815.0,0.0,0.0
2019-01-01 11:25:00,2815.0,2815.0,2815.0,2815.0,0.0,0.0
2019-01-01 11:26:00,2815.0,2815.0,2815.0,2815.0,0.0,0.0
2019-01-01 11:27:00,2815.0,2815.0,2815.0,2815.0,0.0,0.0
2019-01-01 11:28:00,2815.0,2815.0,2815.0,2815.0,0.0,0.0
2019-01-01 11:29:00,2815.0,2815.0,2815.0,2815.0,0.0,0.0
2019-01-01 11:30:00,2815.0,2815.0,2815.0,2815.0,0.0,0.0
2019-01-01 11:31:00,2815.0,2815.0,2815.0,2815.0,0.0,0.0
2019-01-01 11:32:00,2815.0,2815.0,2815.0,2815.0,0.0,0.0
2019-01-01 11:33:00,2815.0,2815.0,2815.0,2815.0,0.0,0.0
2019-01-01 11:34:00,2815.0,2815.0,2815.0,2815.0,0.0,0.0
2019-01-01 11:35:00,2815.0,2815.0,2815.0,2815.0,0.0,0.0
2019-01-01 11:36:00,2815.0,2815.0,2815.0,2815.0,0.0,0.0
2019-01-01 11:37:00,2815.0,2815.0,2815.0,2815.0,0.0,0.0
2019-01-01 11:38:00,2815.0,2815.0,2815.0,2815.0,0.0,0.0
2019-01-01 11:39:00,2815.0,2815.0,2815.0,2815.0,0.0,0.0
2019-01-01 11:40:00,2815.0,2815.0,2815.0,2815.0,0.0,0.0
2019-01-01 11:41:00,2815.0,2815.0,2815.0,2815.0,0.0,0.0
2019-01-01 11:42:00,2815.0,2815.0,2815.0,2815.0,0.0,0.0
2019-01-01 11:43:00,2815.0,2815.0,2815.0,2815.0,0.0,0.0
2019-01-01 11:44:00,2815.0,2815.0,2815.0,2815.0,0.0,0.0
2019-01-01 11:45:00,2815.0,2815.0,2815.0,2815.0,0.0,0.0
2019-01-01 11:46:00,2815.0,2815.0,2815.0,2815.0,0.0,0.0
2019-01-01 11:47:00,2815.0,2815.0,2815.0,2815.0,0.0,0.0
2019-01-01 11:48:00,2815.0,2815.0,2815.0,2815.0,0.0,0.0
2019-01-01 11:49:00,2815.0,2815.0,2815.0,2815.0,0.0,0.0
2019-01-01 11:50:00,2815.0,2815.0,2815.0,2815.0,0.0,0.0
2019-01-01 11:51:00,2815.0,2815.0,2815.0,2815.0,0.0,0.0
2019-01-01 11:52:00,2815.0,2815.0,2815.0,2815.0,0.0,0.0
2019-01-01 11:53:00,2815.0,2815.0,2815.0,2815.0,0.0,0.0
2019-01-01 11:54:00,2815.0,2815.0,2815.0,2815.0,0.0,0.0
2019-01-01 11:55:00,2815.0,2815.0,2815.0,2815.0,0.0,0.0
2019-01-01 11:56:00,2815.0,2815.0,2815.0,2815.0,0.0,0.0
2019-01-01 11:57:00,2815.0,2815.0,2815.0,2815.0,0.0,0.0
2019-01-01 11:58:00,2815.0,2815.0,2815.0,2815.0,0.0,0.0
2019-01-01 11:59:00,2815.0,2815.0,2815.0,2815.0,0.0,0.0
2019-01-01 12:00:00,2815.0,2815.0,2815.0,2815.0,0.0,0.0
2019-01-01 12:01:00,2815.0,2815.0,2815.0,2815.0,0.0,0.0
2019-01-01 12:02:00,2815.0,2815.0,2815.0,2815.0,0.0,0.0
2019-01-01 12:03:00,2815.0,2815.0,2815.0,2815.0,0.0,0.0
2019-01-01 12:04:00,2815.0,2815.0,2815.0,2815.0,0.0,0.0
2019-01-01 12:05:00,2815.0,2815.0,2815.0,2815.0,0.0,0.0
2019-01-01 12:06:00,2815.0,2815.0,2815.0,2815.0,0.0,0.0
2019-01-01 12:07:00,2815.0,2815.0,2815.0,2815.0,0.0,0.0
2019-01-01 12:08:00,2815.0,2815.0,2815.0,2815.0,0.0,0.0
2019-01-01 12:09:00,2815.0,2815.0,2815.0,2815.0,0.0,0.0
2019-01-01 12:10:00,2815.0,2815.0,2815.0,2815.0,0.0,0.0
2019-01-01 12:11:00,2815.0,2815.0,2815.0,2815.0,0.0,0.0
2019-01-01 12:12:00,2815.0,2815.0,2815.0,2815.0,0.0,0.0
2019-01-01 12:13:00,2815.0,2815.0,2815.0,2815.0,0.0,0.0
2019-01-01 12:14:00,2815.0,2815.0,2815.0,2815.0,0.0,0.0
2019-01-01 12:15:00,2815.0,2815.0,2815.0,2815.0,0.0,0.0
2019-01-01 12:16:00,2815.0,2815.0,2815.0,2815.0,0.0,0.0
2019-01-01 12:17:00,2815.0,2815.0,2815.0,2815.0,0.0,0.0
2019-01-01 12:18:00,2815.0,2815.0,2815.0,2815.0,0.0,0.0
2019-01-01 12:19:00,2815.0,2815.0,2815.0,2815.0,0.0,0.0
2019-01-01 12:20:00,2815.0,2815.0,2815.0,2815.0,0.0,0.0
2019-01-01 12:21:00,2815.0,2815.0,2815.0,2815.0,0.0,0.0
2019-01-01 12:22:00,2815.0,2815.0,2815.0,2815.0,0.0,0.0
2019-01-01 12:23:00,2815.0,2815.0,2815.0,2815.0,0.0,0.0
2019-01-01 12:24:00,2815.0,2815.0,2815.0,2815.0,0.0,0.0
2019-01-01 12:25:00,2815.0,2815.0,2815.0,2815.0,0.0,0.0
2019-01-01 12:26:00,2815.0,2815.0,2815.0,2815.0,0.0,0.0
2019-01-01 12:27:00,2815.0,2815.0,2815.0,2815.0,0.0,0.0
2019-01-01 12:28:00,2815.0,2815.0,2815.0,2815.0,0.0,0.0
2019-01-01 12:29:00,2815.0,2815.0,2815.0,2815.0,0.0,0.0
2019-01-01 12:30:00,2815.0,2815.0,2815.0,2815.0,0.0,0.0
2019-01-01 12:31:00,2815.0,2815.0,2815.0,2815.0,0.0,0.0
2019-01-01 12:32:00,2815.0,2815.0,2815.0,2815.0,0.0,0.0
2019-01-01 12:33:00,2815.0,2815.0,2815.0,2815.0,0.0,0.0
2019-01-01 12:34:00,2815.0,2815.0,2815.0,2815.0,0.0,0.0
2019-01-01 12:35:00,2815.0,2815.0,2815.0,2815.0,0.0,0.0
2019-01-01 12:36:00,2815.0,2815.0,2815.0,2815.0,0.0,0.0
2019-01-01 12:37:00,2815.0,2815.0,2815.0,2815.0,0.0,0.0
2019-01-01 12:38:00,2815.0,2815.0,2815.0,2815.0,0.0,0.0
2019-01-01 12:39:00,2815.0,2815.0,2815.0,2815.0,0.0,0.0
2019-01-01 12:40:00,2815.0,2815.0,2815.0,2815.0,0.0,0.0
2019-01-01 12:41:00,2815.0,2815.0,2815.0,2815.0,0.0,0.0
2019-01-01 12:42:00,2815.0,2815.0,2815.0,2815.0,0.0,0.0
2019-01-01 12:43:00,2815.0,2815.0,2815.0,2815.0,0.0,0.0
2019-01-01 12:44:00,2815.0,2815.0,2815.0,2815.0,0.0,0.0
2019-01-01 12:45:00,2815.0,2815.0,2815.0,2815.0,0.0,0.0
2019-01-01 12:46:00,2815.0,2815.0,2815.0,2815.0,0.0,0.0
2019-01-01 12:47:00,2815.0,2815.0,2815.0,2815.0,0.0,0.0
2019-01-01 12:48:00,2815.0,2815.0,2815.0,2815.0,0.0,0.0
2019-01-01 12:49:00,2815.0,2815.0,2815.0,2815.0,0.0,0.0
2019-01-01 12:50:00,2815.0,2815.0,2815.0,2815.0,0.0,0.0
2019-01-01 12:51:00,2815.0,2815.0,2815.0,2815.0,0.0,0.0
2019-01-01 12:52:00,2815.0,2815.0,2815.0,2815.0,0.0,0.0
2019-01-01 12:53:00,2815.0,2815.0,2815.0,2815.0,0.0,0.0
2019-01-01 12:54:00,2815.0,2815.0,2815.0,2815.0,0.0,0.0
2019-01-01 12:55:00,2815.0,2815.0,2815.0,2815.0,0.0,0.0
2019-01-01 12:56:00,2815.0,2815.0,2815.0,2815.0,0.0,0.0
2019-01-01 12:57:00,2815.0,2815.0,2815.0,2815.0,0.0,0.0
2019-01-01 12:58:00,2815.0,2815.0,2815.0,2815.0,0.0,0.0
2019-01-01 12:59:00,2815.0,2815.0,2815.0,2815.0,0.0,0.0
2019-01-01 13:00:00,2815.0,2815.0,2815.0,2815.0,0.0,0.0
2019-01-01 13:01:00,2815.0,2815.0,2815.0,2815.0,0.0,0.0
2019-01-01 13:02:00,2815.0,2815.0,2815.0,2815.0,0.0,0.0
2019-01-01 13:03:00,2815.0,2815.0,2815.0,2815.0,0.0,0.0
2019-01-01 13:04:00,2815.0,2815.0,2815.0,2815.0,0.0,0.0
2019-01-01 13:05:00,2815.0,2815.0,2815.0,2815.0,0.0,0.0
2019-01-01 13:06:00,2815.0,2815.0,2815.0,2815.0,0.0,0.0
2019-01-01 13:07:00,2815.0,2815.0,2815.0,2815.0,0.0,0.0
2019-01-01 13:08:00,2815.0,2815.0,2815.0,2815.0,0.0,0.0
2019-01-01 13:09:00,2815.0,2815.0,2815.0,2815.0,0.0,0.0
2019-01-01 13:10:00,2815.0,2815.0,2815.0,2815.0,0.0,0.0
2019-01-01 13:11:00,2815.0,2815.0,2815.0,2815.0,0.0,0.0
2019-01-01 13:12:00,2815.0,2815.0,2815.0,2815.0,0.0,0.0
2019-01-01 13:13:00,2815.0,2815.0,2815.0,2815.0,0.0,0.0
2019-01-01 13:14:00,2815.0,2815.0,2815.0,2815.0,0.0,0.0
2019-01-01 13:15:00,2815.0,2815.0,2815.0,2815.0,0.0,0.0
2019-01-01 13:16:00,2815.0,2815.0,2815.0,2815.0,0.0,0.0
2019-01-01 13:17:00,2815.0,2815.0,2815.0,2815.0,0.0,0.0
2019-01-01 13:18:00,2815.0,2815.0,2815.0,2815.0,0.0,0.0
2019-01-01 13:19:00,2815.0,2815.0,2815.0,2815.0,0.0,0.0
2019-01-01 13:20:00,2815.0,2815.0,2815.0,2815.0,0.0,0.0
2019-01-01 13:21:00,2815.0,2815.0,2815.0,2815.0,0.0,0.0
2019-01-01 13:22:00,2815.0,2815.0,2815.0,2815.0,0.0,0.0
2019-01-01 13:23:00,2815.0,2815.0,2815.0,2815.0,0.0,0.0
2019-01-01 13:24:00,2815.0,2815.0,2815.0,2815.0,0.0,0.0
2019-01-01 13:25:00,2815.0,2815.0,2815.0,2815.0,0.0,0.0
2019-01-01 13:26:00,2815.0,2815.0,2815.0,2815.0,0.0,0.0
2019-01-01 13:27:00,2815.0,2815.0,2815.0,2815.0,0.0,0.0
2019-01-01 13:28:00,2815.0,2815.0,2815.0,2815.0,0.0,0.0
2019-01-01 13:29:00,2815.0,2815.0,2815.0,2815.0,0.0,0.0
2019-01-01 13:30:00,2815.0,2815.0,2815.0,2815.0,0.0,0.0
2019-01-01 13:31:00,2815.0,2815.0,2815.0,2815.0,0.0,0.0
2019-01-01 13:32:00,2815.0,2815.0,2815.0,2815.0,0.0,0.0
2019-01-01 13:33:00,2815.0,2815.0,2815.0,2815.0,0.0,0.0
2019-01-01 13:34:00,2815.0,2815.0,2815.0,2815.0,0.0,0.0
2019-01-01 13:35:00,2815.0,2815.0,2815.0,2815.0,0.0,0.0
2019-01-01 13:36:00,2815.0,2815.0,2815.0,2815.0,0.0,0.0
2019-01-01 13:37:00,2815.0,2815.0,2815.0,2815.0,0.0,0.0
2019-01-01 13:38:00,2815.0,2815.0,2815.0,2815.0,0.0,0.0
2019-01-01 13:39:00,2815.0,2815.0,2815.0,2815.0,0.0,0.0
2019-01-01 13:40:00,2815.0,2815.0,2815.0,2815.0,0.0,0.0
2019-01-01 13:41:00,2815.0,2815.0,2815.0,2815.0,0.0,0.0
2019-01-01 13:42:00,2815.0,2815.0,2815.0,2815.0,0.0,0.0
2019-01-01 13:43:00,2815.0,2815.0,2815.0,2815.0,0.0,0.0
2019-01-01 13:44:00,2815.0,2815.0,2815.0,2815.0,0.0,0.0
2019-01-01 13:45:00,2815.0,2815.0,2815.0,2815.0,0.0,0.0
2019-01-01 13:46:00,2815.0,2815.0,2815.0,2815.0,0.0,0.0
2019-01-01 13:47:00,2815.0,2815.0,2815.0,2815.0,0.0,0.0
2019-01-01 13:48:00,2815.0,2815.0,2815.0,2815.0,0.0,0.0
2019-01-01 13:49:00,2815.0,2815.0,2815.0,2815.0,0.0,0.0
2019-01-01 13:50:00,2815.0,2815.0,2815.0,2815.0,0.0,0.0
2019-01-01 13:51:00,2815.0,2815.0,2815.0,2815.0,0.0,0.0
2019-01-01 13:52:00,2815.0,2815.0,2815.0,2815.0,0.0,0.0
2019-01-01 13:53:00,2815.0,2815.0,2815.0,2815.0,0.0,0.0
2019-01-01 13:54:00,2815.0,2815.0,2815.0,2815.0,0.0,0.0
2019-01-01 13:55:00,2815.0,2815.0,2815.0,2815.0,0.0,0.0
2019-01-01 13:56:00,2815.0,2815.0,2815.0,2815.0,0.0,0.0
2019-01-01 13:57:00,2815.0,2815.0,2815.0,2815.0,0.0,0.0
2019-01-01 13:58:00,2815.0,2815.0,2815.0,2815.0,0.0,0.0
2019-01-01 13:59:00,2815.0,2815.0,2815.0,2815.0,0.0,0.0
2019-01-01 14:00:00,2815.0,2815.0,2815.0,2815.0,0.0,0.0
2019-01-01 14:01:00,2815.0,2815.0,2815.0,2815.0,0.0,0.0
2019-01-01 14:02:00,2815.0,2815.0,2815.0,2815.0,0.0,0.0
2019-01-01 14:03:00,2815.0,2815.0,2815.0,2815.0,0.0,0.0
2019-01-01 14:04:00,2815.0,2815.0,2815.0,2815.0,0.0,0.0
2019-01-01 14:05:00,2815.0,2815.0,2815.0,2815.0,0.0,0.0
2019-01-01 14:06:00,2815.0,2815.0,2815.0,2815.0,0.0,0.0
2019-01-01 14:07:00,2815.0,2815.0,2815.0,2815.0,0.0,0.0
2019-01-01 14:08:00,2815.0,2815.0,2815.0,2815.0,0.0,0.0
2019-01-01 14:09:00,2815.0,2815.0,2815.0,2815.0,0.0,0.0
2019-01-01 14:10:00,2815.0,2815.0,2815.0,2815.0,0.0,0.0
2019-01-01 14:11:00,2815.0,2815.0,2815.0,2815.0,0.0,0.0
2019-01-01 14:12:00,2815.0,2815.0,2815.0,2815.0,0.0,0.0
2019-01-01 14:13:00,2815.0,2815.0,2815.0,2815.0,0.0,0.0
2019-01-01 14:14:00,2815.0,2815.0,2815.0,2815.0,0.0,0.0
2019-01-01 14:15:00,2815.0,2815.0,2815.0,2815.0,0.0,0.0
2019-01-01 14:16:00,2815.0,2815.0,2815.0,2815.0,0.0,0.0
2019-01-01 14:17:00,2815.0,2815.0,2815.0,2815.0,0.0,0.0
2019-01-01 14:18:00,2815.0,2815.0,2815.0,2815.0,0.0,0.0
2019-01-01 14:19:00,2815.0,2815.0,2815.0,2815.0,0.0,0.0
2019-01-01 14:20:00,2815.0,2815.0,2815.0,2815.0,0.0,0.0
2019-01-01 14:21:00,2815.0,2815.0,2815.0,2815.0,0.0,0.0
2019-01-01 14:22:00,2815.0,2815.0,2815.0,2815.0,0.0,0.0
2019-01-01 14:23:00,2815.0,2815.0,2815.0,2815.0,0.0,0.0
2019-01-01 14:24:00,2815.0,2815.0,2815.0,2815.0,0.0,0.0
2019-01-01 14:25:00,2815.0,2815.0,2815.0,2815.0,0.0,0.0
2019-01-01 14:26:00,2815.0,2815.0,2815.0,2815.0,0.0,0.0
2019-01-01 14:27:00,2815.0,2815.0,2815.0,2815.0,0.0,0.0
2019-01-01 14:28:00,2815.0,2815.0,2815.0,2815.0,0.0,0.0
2019-01-01 14:29:00,2815.0,2815.0,2815.0,2815.0,0.0,0.0
2019-01-01 14:30:00,2815.0,2815.0,2815.0,2815.0,0.0,0.0
2019-01-01 14:31:00,2815.0,2815.0,2815.0,2815.0,0.0,0.0
2019-01-01 14:32:00,2815.0,2815.0,2815.0,2815.0,0.0,0.0
2019-01-01 14:33:00,2815.0,2815.0,2815.0,2815.0,0.0,0.0
2019-01-01 14:34:00,2815.0,2815.0,2815.0,2815.0,0.0,0.0
2019-01-01 14:35:00,2815.0,2815.0,2815.0,2815.0,0.0,0.0
2019-01-01 14:36:00,2815.0,2815.0,2815.0,2815.0,0.0,0.0
2019-01-01 14:37:00,2815.0,2815.0,2815.0,2815.0,0.0,0.0
2019-01-01 14:38:00,2815.0,2815.0,2815.0,2815.0,0.0,0.0
2019-01-01 14:39:00,2815.0,2815.0,2815.0,2815.0,0.0,0.0
2019-01-01 14:40:00,2815.0,2815.0,2815.0,2815.0,0.0,0.0
2019-01-01 14:41:00,2815.0,2815.0,2815.0,2815.0,0.0,0.0
2019-01-01 14:42:00,2815.0,2815.0,2815.0,2815.0,0.0,0.0
2019-01-01 14:43:00,2815.0,2815.0,2815.0,2815.0,0.0,0.0
2019-01-01 14:44:00,2815.0,2815.0,2815.0,2815.0,0.0,0.0
2019-01-01 14:45:00,2815.0,2815.0,2815.0,2815.0,0.0,0.0
2019-01-01 14:46:00,2815.0,2815.0,2815.0,2815.0,0.0,0.0
2019-01-01 14:47:00,2815.0,2815.0,2815.0,2815.0,0.0,0.0
2019-01-01 14:48:00,2815.0,2815.0,2815.0,2815.0,0.0,0.0
2019-01-01 14:49:00,2815.0,2815.0,2815.0,2815.0,0.0,0.0
2019-01-01 14:50:00,2815.0,2815.0,2815.0,2815.0,0.0,0.0
2019-01-01 14:51:00,2815.0,2815.0,2815.0,2815.0,0.0,0.0
2019-01-01 14:52:00,2815.0,2815.0,2815.0,2815.0,0.0,0.0
2019-01-01 14:53:00,2815.0,2815.0,2815.0,2815.0,0.0,0.0
2019-01-01 14:54:00,2815.0,2815.0,2815.0,2815.0,0.0,0.0
2019-01-01 14:55:00,2815.0,2815.0,2815.0,2815.0,0.0,0.0
2019-01-01 14:56:00,2815.0,2815.0,2815.0,2815.0,0.0,0.0
2019-01-01 14:57:00,2815.0,2815.0,2815.0,2815.0,0.0,0.0
2019-01-01 14:58:00,2815.0,2815.0,2815.0,2815.0,0.0,0.0
2019-01-01 14:59:00,2815.0,2815.0,2815.0,2815.0,0.0,0.0
2019-01-01 15:00:00,2815.0,2815.0,2815.0,2815.0,0.0,0.0
2019-01-01 15:01:00,2815.0,2815.0,2815.0,2815.0,0.0,0.0
2019-01-01 15:02:00,2815.0,2815.0,2815.0,2815.0,0.0,0.0
2019-01-01 15:03:00,2815.0,2815.0,2815.0,2815.0,0.0,0.0
2019-01-01 15:04:00,2815.0,2815.0,2815.0,2815.0,0.0,0.0
2019-01-01 15:05:00,2815.0,2815.0,2815.0,2815.0,0.0,0.0
2019-01-01 15:06:00,2815.0,2815.0,2815.0,2815.0,0.0,0.0
2019-01-01 15:07:00,2815.0,2815.0,2815.0,2815.0,0.0,0.0
2019-01-01 15:08:00,2815.0,2815.0,2815.0,2815.0,0.0,0.0
2019-01-01 15:09:00,2815.0,2815.0,2815.0,2815.0,0.0,0.0
2019-01-01 15:10:00,2815.0,2815.0,2815.0,2815.0,0.0,0.0
2019-01-01 15:11:00,2815.0,2815.0,2815.0,2815.0,0.0,0.0
2019-01-01 15:12:00,2815.0,2815.0,2815.0,2815.0,0.0,0.0
2019-01-01 15:13:00,2815.0,2815.0,2815.0,2815.0,0.0,0.0
2019-01-01 15:14:00,2815.0,2815.0,2815.0,2815.0,0.0,0.0
2019-01-01 15:15:00,2815.0,2815.0,2815.0,2815.0,0.0,0.0
2019-01-01 15:16:00,2815.0,2815.0,2815.0,2815.0,0.0,0.0
2019-01-01 15:17:00,2815.0,2815.0,2815.0,2815.0,0.0,0.0
2019-01-01 15:18:00,2815.0,2815.0,2815.0,2815.0,0.0,0.0
2019-01-01 15:19:00,2815.0,2815.0,2815.0,2815.0,0.0,0.0
2019-01-01 15:20:00,2815.0,2815.0,2815.0,2815.0,0.0,0.0
2019-01-01 15:21:00,2815.0,2815.0,2815.0,2815.0,0.0,0.0
2019-01-01 15:22:00,2815.0,2815.0,2815.0,2815.0,0.0,0.0
2019-01-01 15:23:00,2815.0,2815.0,2815.0,2815.0,0.0,0.0
2019-01-01 15:24:00,2815.0,2815.0,2815.0,2815.0,0.0,0.0
2019-01-01 15:25:00,2815.0,2815.0,2815.0,2815.0,0.0,0.0
2019-01-01 15:26:00,2815.0,2815.0,2815.0,2815.0,0.0,0.0
2019-01-01 15:27:00,2815.0,2815.0,2815.0,2815.0,0.0,0.0
2019-01-01 15:28:00,2815.0,2815.0,2815.0,2815.0,0.0,0.0
2019-01-01 15:29:00,2815.0,2815.0,2815.0,2815.0,0.0,0.0
2019-01-02 09:15:00,2815.0,2815.0,2815.0,2815.0,0.0,0.0
2019-01-02 09:16:00,2815.0,2815.0,2815.0,2815.0,0.0,0.0
2019-01-02 09:17:00,2815.0,2815.0,2815.0,2815.0,0.0,0.0
2019-01-02 09:18:00,2815.0,2815.0,2815.0,2815.0,0.0,0.0
2019-01-02 09:19:00,2815.0,2815.0,2815.0,2815.0,0.0,0.0
2019-01-02 09:20:00,2815.0,2815.0,2815.0,2815.0,0.0,0.0
2019-01-02 09:21:00,2815.0,2815.0,2815.0,2815.0,0.0,0.0
2019-01-02 09:22:00,2815.0,2815.0,2815.0,2815.0,0.0,0.0
2019-01-02 09:23:00,2815.0,2815.0,2815.0,2815.0,0.0,0.0
2019-01-02 09:24:00,2815.0,2815.0,2815.0,2815.0,0.0,0.0
2019-01-02 09:25:00,2815.0,2815.0,2815.0,2815.0,0.0,0.0
2019-01-02 09:26:00,2815.0,2815.0,2815.0,2815.0,0.0,0.0
2019-01-02 09:27:00,2815.0,2815.0,2815.0,2815.0,0.0,0.0
2019-01-02 09:28:00,2815.0,2815.0,2815.0,2815.0,0.0,0.0
2019-01-02 09:29:00,2815.0,2815.0,2815.0,2815.0,0.0,0.0
2019-01-02 09:30:00,2815.0,2815.0,2815.0,2815.0,0.0,0.0
2019-01-02 09:31:00,2815.0,2815.0,2815.0,2815.0,0.0,0.0
2019-01-02 09:32:00,2815.0,2815.0,2815.0,2815.0,0.0,0.0
2019-01-02 09:33:00,2815.0,2815.0,2815.0,2815.0,0.0,0.0
2019-01-02 09:34:00,2815.0,2815.0,2815.0,2815.0,0.0,0.0
2019-01-02 09:35:00,2815.0,2815.0,2815.0,2815.0,0.0,0.0
2019-01-02 09:36:00,2815.0,2815.0,2815.0,2815.0,0.0,0.0
2019-01-02 09:37:00,2815.0,2815.0,2815.0,2815.0,0.0,0.0
2019-01-02 09:38:00,2815.0,2815.0,2815.0,2815.0,0.0,0.0
2019-01-02 09:39:00,2815.0,2815.0,2815.0,2815.0,0.0,0.0
2019-01-02 09:40:00,2815.0,2815.0,2815.0,2815.0,0.0,0.0
2019-01-02 09:41:00,2815.0,2815.0,2815.0,2815.0,0.0,0.0
2019-01-02 09:42:00,2815.0,2815.0,2815.0,2815.0,0.0,0.0
2019-01-02 09:43:00,2815.0,2815.0,2815.0,2815.0,0.0,0.0
2019-01-02 09:44:00,2815.0,2815.0,2815.0,2815.0,0.0,0.0
2019-01-02 09:45:00,2815.0,2815.0,2815.0,2815.0,0.0,0.0
2019-01-02 09:46:00,2815.0,2815.0,2815.0,2815.0,0.0,0.0
2019-01-02 09:47:00,2815.0,2815.0,2815.0,2815.0,0.0,0.0
2019-01-02 09:48:00,2815.0,2815.0,2815.0,2815.0,0.0,0.0
2019-01-02 09:49:00,2815.0,2815.0,2815.0,2815.0,0.0,0.0
2019-01-02 09:50:00,2815.0,2815.0,2815.0,2815.0,0.0,0.0
2019-01-02 09:51:00,2815.0,2815.0,2815.0,2815.0,0.0,0.0
2019-01-02 09:52:00,2815.0,2815.0,2815.0,2815.0,0.0,0.0
2019-01-02 09:53:00,2815.0,2815.0,2815.0,2815.0,0.0,0.0
2019-01-02 09:54:00,2815.0,2815.0,2815.0,2815.0,0.0,0.0
2019-01-02 09:55:00,2815.0,2815.0,2815.0,2815.0,0.0,0.0
2019-01-02 09:56:00,2815.0,2815.0,2815.0,2815.0,0.0,0.0
2019-01-02 09:57:00,2815.0,2815.0,2815.0,2815.0,0.0,0.0
2019-01-02 09:58:00,2815.0,2815.0,2815.0,2815.0,0.0,0.0
2019-01-02 09:59:00,2815.0,2815.0,2815.0,2815.0,0.0,0.0
2019-01-02 10:00:00,2815.0,2815.0,2815.0,2815.0,0.0,0.0
2019-01-02 10:01:00,2815.0,2815.0,2815.0,2815.0,0.0,0.0
2019-01-02 10:02:00,2815.0,2815.0,2815.0,2815.0,0.0,0.0
2019-01-02 10:03:00,2815.0,2815.0,2815.0,2815.0,0.0,0.0
2019-01-02 10:04:00,2815.0,2815.0,2815.0,2815.0,0.0,0.0
2019-01-02 10:05:00,2815.0,2815.0,2815.0,2815.0,0.0,0.0
2019-01-02 10:06:00,2815.0,2815.0,2815.0,2815.0,0.0,0.0
2019-01-02 10:07:00,2815.0,2815.0,2815.0,2815.0,0.0,0.0
2019-01-02 10:08:00,2815.0,2815.0,2815.0,2815.0,0.0,0.0
2019-01-02 10:09:00,2815.0,2815.0,2815.0,2815.0,0.0,0.0
2019-01-02 10:10:00,2815.0,2815.0,2815.0,2815.0,0.0,0.0
2019-01-02 10:11:00,2815.0,2815.0,2815.0,2815.0,0.0,0.0
2019-01-02 10:12:00,2815.0,2815.0,2815.0,2815.0,0.0,0.0
2019-01-02 10:13:00,2815.0,2815.0,2815.0,2815.0,0.0,0.0
2019-01-02 10:14:00,2815.0,2815.0,2815.0,2815.0,0.0,0.0
2019-01-02 10:15:00,2815.0,2815.0,2815.0,2815.0,0.0,0.0
2019-01-02 10:16:00,2815.0,2815.0,2815.0,2815.0,0.0,0.0
2019-01-02 10:17:00,2815.0,2815.0,2815.0,2815.0,0.0,0.0
2019-01-02 10:18:00,2815.0,2815.0,2815.0,2815.0,0.0,0.0
2019-01-02 10:19:00,2815.0,2815.0,2815.0,2815.0,0.0,0.0
2019-01-02 10:20:00,2815.0,2815.0,2815.0,2815.0,0.0,0.0
2019-01-02 10:21:00,2815.0,2815.0,2815.0,2815.0,0.0,0.0
2019-01-02 10:22:00,2815.0,2815.0,2815.0,2815.0,0.0,0.0
2019-01-02 10:23:00,2815.0,2815.0,2815.0,2815.0,0.0,0.0
2019-01-02 10:24:00,2815.0,2815.0,2815.0,2815.0,0.0,0.0
2019-01-02 10:25:00,2815.0,2815.0,2815.0,2815.0,0.0,0.0
2019-01-02 10:26:00,2815.0,2815.0,2815.0,2815.0,0.0,0.0
2019-01-02 10:27:00,2815.0,2815.0,2815.0,2815.0,0.0,0.0
2019-01-02 10:28:00,2815.0,2815.0,2815.0,2815.0,0.0,0.0
2019-01-02 10:29:00,2815.0,2815.0,2815.0,2815.0,0.0,0.0
2019-01-02 10:30:00,2815.0,2815.0,2815.0,2815.0,0.0,0.0
2019-01-02 10:31:00,2815.0,2815.0,2815.0,2815.0,0.0,0.0
2019-01-02 10:32:00,2815.0,2815.0,2815.0,2815.0,0.0,0.0
2019-01-02 10:33:00,2815.0,2815.0,2815.0,2815.0,0.0,0.0
2019-01-02 10:34:00,2815.0,2815.0,2815.0,2815.0,0.0,0.0
2019-01-02 10:35:00,2815.0,2815.0,2815.0,2815.0,0.0,0.0
2019-01-02 10:36:00,2815.0,2815.0,2815.0,2815.0,0.0,0.0
2019-01-02 10:37:00,2815.0,2815.0,2815.0,2815.0,0.0,0.0
2019-01-02 10:38:00,2815.0,2815.0,2815.0,2815.0,0.0,0.0
2019-01-02 10:39:00,2815.0,2815.0,2815.0,2815.0,0.0,0.0
2019-01-02 10:40:00,2815.0,2815.0,2815.0,2815.0,0.0,0.0
2019-01-02 10:41:00,2815.0,2815.0,2815.0,2815.0,0.0,0.0
2019-01-02 10:42:00,2815.0,2815.0,2815.0,2815.0,0.0,0.0
2019-01-02 10:43:00,2815.0,2815.0,2815.0,2815.0,0.0,0.0
2019-01-02 10:44:00,2815.0,2815.0,2815.0,2815.0,0.0,0.0
2019-01-02 10:45:00,2815.0,2815.0,2815.0,2815.0,0.0,0.0
2019-01-02 10:46:00,2815.0,2815.0,2815.0,2815.0,0.0,0.0
2019-01-02 10:47:00,2815.0,2815.0,2815.0,2815.0,0.0,0.0
2019-01-02 10:48:00,2815.0,2815.0,2815.0,2815.0,0.0,0.0
2019-01-02 10:49:00,2815.0,2815.0,2815.0,2815.0,0.0,0.0
2019-01-02 10:50:00,2815.0,2815.0,2815.0,2815.0,0.0,0.0
2019-01-02 10:51:00,2815.0,2815.0,2815.0,2815.0,0.0,0.0
2019-01-02 10:52:00,2815.0,2815.0,2815.0,2815.0,0.0,0.0
2019-01-02 10:53:00,2815.0,2815.0,2815.0,2815.0,0.0,0.0
2019-01-02 10:54:00,2815.0,2815.0,2815.0,2815.0,0.0,0.0
2019-01-02 10:55:00,2815.0,2815.0,2815.0,2815.0,0.0,0.0
2019-01-02 10:56:00,2815.0,2815.0,2815.0,2815.0,0.0,0.0
2019-01-02 10:57:00,2815.0,2815.0,2815.0,2815.0,0.0,0.0
2019-01-02 10:58:00,2815.0,2815.0,2815.0,2815.0,0.0,0.0
2019-01-02 10:59:00,2815.0,2815.0,2815.0,2815.0,0.0,0.0
2019-01-02 11:00:00,2815.0,2815.0,2815.0,2815.0,0.0,0.0
2019-01-02 11:01:00,2815.0,2815.0,2815.0,2815.0,0.0,0.0
2019-01-02 11:02:00,2815.0,2815.0,2815.0,2815.0,0.0,0.0
2019-01-02 11:03:00,2815.0,2815.0,2815.0,2815.0,0.0,0.0
2019-01-02 11:04:00,2815.0,2815.0,2815.0,2815.0,0.0,0.0
2019-01-02 11:05:00,2815.0,2815.0,2815.0,2815.0,0.0,0.0
2019-01-02 11:06:00,2815.0,2815.0,2815.0,2815.0,0.0,0.0
2019-01-02 11:07:00,2815.0,2815.0,2815.0,2815.0,0.0,0.0
2019-01-02 11:08:00,2815.0,2815.0,2815.0,2815.0,0.0,0.0
2019-01-02 11:09:00,2815.0,2815.0,2815.0,2815.0,0.0,0.0
2019-01-02 11:10:00,2815.0,2815.0,2815.0,2815.0,0.0,0.0
2019-01-02 11:11:00,2815.0,2815.0,2815.0,2815.0,0.0,0.0
2019-01-02 11:12:00,2815.0,2815.0,2815.0,2815.0,0.0,0.0
2019-01-02 11:13:00,2815.0,2815.0,2815.0,2815.0,0.0,0.0
2019-01-02 11:14:00,2815.0,2815.0,2815.0,2815.0,0.0,0.0
2019-01-02 11:15:00,2815.0,2815.0,2815.0,2815.0,0.0,0.0
2019-01-02 11:16:00,2815.0,2815.0,2815.0,2815.0,0.0,0.0
2019-01-02 11:17:00,2815.0,2815.0,2815.0,2815.0,0.0,0.0
2019-01-02 11:18:00,2815.0,2815.0,2815.0,2815.0,0.0,0.0
2019-01-02 11:19:00,2815.0,2815.0,2815.0,2815.0,0.0,0.0
2019-01-02 11:20:00,2815.0,2815.0,2815.0,2815.0,0.0,0.0
2019-01-02 11:21:00,2815.0,2815.0,2815.0,2815.0,0.0,0.0
2019-01-02 11:22:00,2815.0,2815.0,2815.0,2815.0,0.0,0.0
2019-01-02 11:23:00,2815.0,2815.0,2815.0,2815.0,0.0,0.0
2019-01-02 11:24:00,2815.0,2815.0,2815.0,2815.0,0.0,0.0
2019-01-02 11:25:00,2815.0,2815.0,2815.0,2815.0,0.0,0.0
2019-01-02 11:26:00,2815.0,2815.0,2815.0,2815.0,0.0,0.0
2019-01-02 11:27:00,2815.0,2815.0,2815.0,2815.0,0.0,0.0
2019-01-02 11:28:00,2815.0,2815.0,2815.0,2815.0,0.0,0.0
2019-01-02 11:29:00,2815.0,2815.0,2815.0,2815.0,0.0,0.0
2019-01-02 11:30:00,2815.0,2815.0,2815.0,2815.0,0.0,0.0
2019-01-02 11:31:00,2815.0,2815.0,2815.0,2815.0,0.0,0.0
2019-01-02 11:32:00,2815.0,2815.0,2815.0,2815.0,0.0,0.0
2019-01-02 11:33:00,2815.0,2815.0,2815.0,2815.0,0.0,0.0
2019-01-02 11:34:00,2815.0,2815.0,2815.0,2815.0,0.0,0.0
2019-01-02 11:35:00,2815.0,2815.0,2815.0,2815.0,0.0,0.0
2019-01-02 11:36:00,2815.0,2815.0,2815.0,2815.0,0.0,0.0
2019-01-02 11:37:00,2815.0,2815.0,2815.0,2815.0,0.0,0.0
2019-01-02 11:38:00,2815.0,2815.0,2815.0,2815.0,0.0,0.0
2019-01-02 11:39:00,2815.0,2815.0,2815.0,2815.0,0.0,0.0
2019-01-02 11:40:00,2815.0,2815.0,2815.0,2815.0,0.0,0.0
2019-01-02 11:41:00,2815.0,2815.0,2815.0,2815.0,0.0,0.0
2019-01-02 11:42:00,2815.0,2815.0,2815.0,2815.0,0.0,0.0
2019-01-02 11:43:00,2815.0,2815.0,2815.0,2815.0,0.0,0.0
2019-01-02 11:44:00,2815.0,2815.0,2815.0,2815.0,0.0,0.0
2019-01-02 11:45:00,2815.0,2815.0,2815.0,2815.0,0.0,0.0
2019-01-02 11:46:00,2815.0,2815.0,2815.0,2815.0,0.0,0.0
2019-01-02 11:47:00,2815.0,2815.0,2815.0,2815.0,0.0,0.0
2019-01-02 11:48:00,2815.0,2815.0,2815.0,2815.0,0.0,0.0
2019-01-02 11:49:00,2815.0,2815.0,2815.0,2815.0,0.0,0.0
2019-01-02 11:50:00,2815.0,2815.0,2815.0,2815.0,0.0,0.0
2019-01-02 11:51:00,2815.0,2815.0,2815.0,2815.0,0.0,0.0
2019-01-02 11:52:00,2815.0,2815.0,2815.0,2815.0,0.0,0.0
2019-01-02 11:53:00,2815.0,2815.0,2815.0,2815.0,0.0,0.0
2019-01-02 11:54:00,2815.0,2815.0,2815.0,2815.0,0.0,0.0
2019-01-02 11:55:00,2815.0,2815.0,2815.0,2815.0,0.0,0.0
2019-01-02 11:56:00,2815.0,2815.0,2815.0,2815.0,0.0,0.0
2019-01-02 11:57:00,2815.0,2815.0,2815.0,2815.0,0.0,0.0
2019-01-02 11:58:00,2815.0,2815.0,2815.0,2815.0,0.0,0.0
2019-01-02 11:59:00,2815.0,2815.0,2815.0,2815.0,0.0,0.0
2019-01-02 12:00:00,2815.0,2815.0,2815.0,2815.0,0.0,0.0
2019-01-02 12:01:00,2815.0,2815.0,2815.0,2815.0,0.0,0.0
2019-01-02 12:02:00,2815.0,2815.0,2815.0,2815.0,0.0,0.0
2019-01-02 12:03:00,2815.0,2815.0,2815.0,2815.0,0.0,0.0
2019-01-02 12:04:00,2815.0,2815.0,2815.0,2815.0,0.0,0.0
2019-01-02 12:05:00,2815.0,2815.0,2815.0,2815.0,0.0,0.0
2019-01-02 12:06:00,2815.0,2815.0,2815.0,2815.0,0.0,0.0
2019-01-02 12:07:00,2815.0,2815.0,2815.0,2815.0,0.0,0.0
2019-01-02 12:08:00,2815.0,2815.0,2815.0,2815.0,0.0,0.0
2019-01-02 12:09:00,2815.0,2815.0,2815.0,2815.0,0.0,0.0
2019-01-02 12:10:00,2815.0,2815.0,2815.0,2815.0,0.0,0.0
2019-01-02 12:11:00,2815.0,2815.0,2815.0,2815.0,0.0,0.0
2019-01-02 12:12:00,2815.0,2815.0,2815.0,2815.0,0.0,0.0
2019-01-02 12:13:00,2815.0,2815.0,2815.0,2815.0,0.0,0.0
2019-01-02 12:14:00,2815.0,2815.0,2815.0,2815.0,0.0,0.0
2019-01-02 12:15:00,2815.0,2815.0,2815.0,2815.0,0.0,0.0
2019-01-02 12:16:00,2815.0,2815.0,2815.0,2815.0,0.0,0.0
2019-01-02 12:17:00,2815.0,2815.0,2815.0,2815.0,0.0,0.0
2019-01-02 12:18:00,2815.0,2815.0,2815.0,2815.0,0.0,0.0
2019-01-02 12:19:00,2815.0,2815.0,2815.0,2815.0,0.0,0.0
2019-01-02 12:20:00,2815.0,2815.0,2815.0,2815.0,0.0,0.0
2019-01-02 12:21:00,2815.0,2815.0,2815.0,2815.0,0.0,0.0
2019-01-02 12:22:00,2815.0,2815.0,2815.0,2815.0,0.0,0.0
2019-01-02 12:23:00,2815.0,2815.0,2815.0,2815.0,0.0,0.0
2019-01-02 12:24:00,2815.0,2815.0,2815.0,2815.0,0.0,0.0
2019-01-02 12:25:00,2815.0,2815.0,2815.0,2815.0,0.0,0.0
2019-01-02 12:26:00,2815.0,2815.0,2815.0,2815.0,0.0,0.0
2019-01-02 12:27:00,2815.0,2815.0,2815.0,2815.0,0.0,0.0
2019-01-02 12:28:00,2815.0,2815.0,2815.0,2815.0,0.0,0.0
2019-01-02 12:29:00,2815.0,2815.0,2815.0,2815.0,0.0,0.0
2019-01-02 12:30:00,2815.0,2815.0,2815.0,2815.0,0.0,0.0
2019-01-02 12:31:00,2815.0,2815.0,2815.0,2815.0,0.0,0.0
2019-01-02 12:32:00,2815.0,2815.0,2815.0,2815.0,0.0,0.0
2019-01-02 12:33:00,2815.0,2815.0,2815.0,2815.0,0.0,0.0
2019-01-02 12:34:00,2815.0,2815.0,2815.0,2815.0,0.0,0.0
2019-01-02 12:35:00,2815.0,2815.0,2815.0,2815.0,0.0,0.0
2019-01-02 12:36:00,2815.0,2815.0,2815.0,2815.0,0.0,0.0
2019-01-02 12:37:00,2815.0,2815.0,2815.0,2815.0,0.0,0.0
2019-01-02 12:38:00,2815.0,2815.0,2815.0,2815.0,0.0,0.0
2019-01-02 12:39:00,2815.0,2815.0,2815.0,2815.0,0.0,0.0
2019-01-02 12:40:00,2815.0,2815.0,2815.0,2815.0,0.0,0.0
2019-01-02 12:41:00,2815.0,2815.0,2815.0,2815.0,0.0,0.0
2019-01-02 12:42:00,2815.0,2815.0,2815.0,2815.0,0.0,0.0
2019-01-02 12:43:00,2815.0,2815.0,2815.0,2815.0,0.0,0.0
2019-01-02 12:44:00,2815.0,2815.0,2815.0,2815.0,0.0,0.0
2019-01-02 12:45:00,2815.0,2815.0,2815.0,2815.0,0.0,0.0
2019-01-02 12:46:00,2815.0,2815.0,2815.0,2815.0,0.0,0.0
2019-01-02 12:47:00,2815.0,2815.0,2815.0,2815.0,0.0,0.0
2019-01-02 12:48:00,2815.0,2815.0,2815.0,2815.0,0.0,0.0
2019-01-02 12:49:00,2815.0,2815.0,2815.0,2815.0,0.0,0.0
2019-01-02 12:50:00,2815.0,2815.0,2815.0,2815.0,0.0,0.0
2019-01-02 12:51:00,2815.0,2815.0,2815.0,2815.0,0.0,0.0
2019-01-02 12:52:00,2815.0,2815.0,2815.0,2815.0,0.0,0.0
2019-01-02 12:53:00,2815.0,2815.0,2815.0,2815.0,0.0,0.0
2019-01-02 12:54:00,2815.0,2815.0,2815.0,2815.0,0.0,0.0
2019-01-02 12:55:00,2815.0,2815.0,2815.0,2815.0,0.0,0.0
2019-01-02 12:56:00,2815.0,2815.0,2815.0,2815.0,0.0,0.0
2019-01-02 12:57:00,2815.0,2815.0,2815.0,2815.0,0.0,0.0
2019-01-02 12:58:00,2815.0,2815.0,2815.0,2815.0,0.0,0.0
2019-01-02 12:59:00,2815.0,2815.0,2815.0,2815.0,0.0,0.0
2019-01-02 13:00:00,2815.0,2815.0,2815.0,2815.0,0.0,0.0
2019-01-02 13:01:00,2815.0,2815.0,2815.0,2815.0,0.0,0.0
2019-01-02 13:02:00,2815.0,2815.0,2815.0,2815.0,0.0,0.0
2019-01-02 13:03:00,2815.0,2815.0,2815.0,2815.0,0.0,0.0
2019-01-02 13:04:00,2815.0,2815.0,2815.0,2815.0,0.0,0.0
2019-01-02 13:05:00,2815.0,2815.0,2815.0,2815.0,0.0,0.0
2019-01-02 13:06:00,2815.0,2815.0,2815.0,2815.0,0.0,0.0
2019-01-02 13:07:00,2815.0,2815.0,2815.0,2815.0,0.0,0.0
2019-01-02 13:08:00,2815.0,2815.0,2815.0,2815.0,0.0,0.0
2019-01-02 13:09:00,2815.0,2815.0,2815.0,2815.0,0.0,0.0
2019-01-02 13:10:00,2815.0,2815.0,2815.0,2815.0,0.0,0.0
2019-01-02 13:11:00,2815.0,2815.0,2815.0,2815.0,0.0,0.0
2019-01-02 13:12:00,2815.0,2815.0,2815.0,2815.0,0.0,0.0
2019-01-02 13:13:00,2815.0,2815.0,2815.0,2815.0,0.0,0.0
2019-01-02 13:14:00,2815.0,2815.0,2815.0,2815.0,0.0,0.0
2019-01-02 13:15:00,2815.0,2815.0,2815.0,2815.0,0.0,0.0
2019-01-02 13:16:00,2815.0,2815.0,2815.0,2815.0,0.0,0.0
2019-01-02 13:17:00,2815.0,2815.0,2815.0,2815.0,0.0,0.0
2019-01-02 13:18:00,2815.0,2815.0,2815.0,2815.0,0.0,0.0
2019-01-02 13:19:00,2815.0,2815.0,2815.0,2815.0,0.0,0.0
2019-01-02 13:20:00,2815.0,2815.0,2815.0,2815.0,0.0,0.0
2019-01-02 13:21:00,2815.0,2815.0,2815.0,2815.0,0.0,0.0
2019-01-02 13:22:00,2815.0,2815.0,2815.0,2815.0,0.0,0.0
2019-01-02 13:23:00,2815.0,2815.0,2815.0,2815.0,0.0,0.0
2019-01-02 13:24:00,2815.0,2815.0,2815.0,2815.0,0.0,0.0
2019-01-02 13:25:00,2815.0,2815.0,2815.0,2815.0,0.0,0.0
2019-01-02 13:26:00,2815.0,2815.0,2815.0,2815.0,0.0,0.0
2019-01-02 13:27:00,2815.0,2815.0,2815.0,2815.0,0.0,0.0
2019-01-02 13:28:00,2815.0,2815.0,2815.0,2815.0,0.0,0.0
2019-01-02 13:29:00,2815.0,2815.0,2815.0,2815.0,0.0,0.0
2019-01-02 13:30:00,2815.0,2815.0,2815.0,2815.0,0.0,0.0
2019-01-02 13:31:00,2815.0,2815.0,2815.0,2815.0,0.0,0.0
2019-01-02 13:32:00,2815.0,2815.0,2815.0,2815.0,0.0,0.0
2019-01-02 13:33:00,2815.0,2815.0,2815.0,2815.0,0.0,0.0
2019-01-02 13:34:00,2815.0,2815.0,2815.0,2815.0,0.0,0.0
2019-01-02 13:35:00,2815.0,2815.0,2815.0,2815.0,0.0,0.0
2019-01-02 13:36:00,2815.0,2815.0,2815.0,2815.0,0.0,0.0
2019-01-02 13:37:00,2815.0,2815.0,2815.0,2815.0,0.0,0.0
2019-01-02 13:38:00,2815.0,2815.0,2815.0,2815.0,0.0,0.0
2019-01-02 13:39:00,2815.0,2815.0,2815.0,2815.0,0.0,0.0
2019-01-02 13:40:00,2815.0,2815.0,2815.0,2815.0,0.0,0.0
2019-01-02 13:41:00,2815.0,2815.0,2815.0,2815.0,0.0,0.0
2019-01-02 13:42:00,2815.0,2815.0,2815.0,2815.0,0.0,0.0
2019-01-02 13:43:00,2815.0,2815.0,2815.0,2815.0,0.0,0.0
2019-01-02 13:44:00,2815.0,2815.0,2815.0,2815.0,0.0,0.0
2019-01-02 13:45:00,2815.0,2815.0,2815.0,2815.0,0.0,0.0
2019-01-02 13:46:00,2815.0,2815.0,2815.0,2815.0,0.0,0.0
2019-01-02 13:47:00,2815.0,2815.0,2815.0,2815.0,0.0,0.0
2019-01-02 13:48:00,2815.0,2815.0,2815.0,2815.0,0.0,0.0
2019-01-02 13:49:00,2815.0,2815.0,2815.0,2815.0,0.0,0.0
2019-01-02 13:50:00,2815.0,2815.0,2815.0,2815.0,0.0,0.0
2019-01-02 13:51:00,2815.0,2815.0,2815.0,2815.0,0.0,0.0
2019-01-02 13:52:00,2815.0,2815.0,2815.0,2815.0,0.0,0.0
2019-01-02 13:53:00,2815.0,2815.0,2815.0,2815.0,0.0,0.0
2019-01-02 13:54:00,2815.0,2815.0,2815.0,2815.0,0.0,0.0
2019-01-02 13:55:00,2815.0,2815.0,2815.0,2815.0,0.0,0.0
2019-01-02 13:56:00,2815.0,2815.0,2815.0,2815.0,0.0,0.0
2019-01-02 13:57:00,2815.0,2815.0,2815.0,2815.0,0.0,0.0
2019-01-02 13:58:00,2815.0,2815.0,2815.0,2815.0,0.0,0.0
2019-01-02 13:59:00,2815.0,2815.0,2815.0,2815.0,0.0,0.0
2019-01-02 14:00:00,2815.0,2815.0,2815.0,2815.0,0.0,0.0
2019-01-02 14:01:00,2815.0,2815.0,2815.0,2815.0,0.0,0.0
2019-01-02 14:02:00,2815.0,2815.0,2815.0,2815.0,0.0,0.0
2019-01-02 14:03:00,2815.0,2815.0,2815.0,2815.0,0.0,0.0
2019-01-02 14:04:00,2815.0,2815.0,2815.0,2815.0,0.0,0.0
2019-01-02 14:05:00,2815.0,2815.0,2815.0,2815.0,0.0,0.0
2019-01-02 14:06:00,2815.0,2815.0,2815.0,2815.0,0.0,0.0
2019-01-02 14:07:00,2815.0,2815.0,2815.0,2815.0,0.0,0.0
2019-01-02 14:08:00,2815.0,2815.0,2815.0,2815.0,0.0,0.0
2019-01-02 14:09:00,2815.0,2815.0,2815.0,2815.0,0.0,0.0
2019-01-02 14:10:00,2815.0,2815.0,2815.0,2815.0,0.0,0.0
2019-01-02 14:11:00,2815.0,2815.0,2815.0,2815.0,0.0,0.0
2019-01-02 14:12:00,2815.0,2815.0,2815.0,2815.0,0.0,0.0
2019-01-02 14:13:00,2815.0,2815.0,2815.0,2815.0,0.0,0.0
2019-01-02 14:14:00,2815.0,2815.0,2815.0,2815.0,0.0,0.0
2019-01-02 14:15:00,2815.0,2815.0,2815.0,2815.0,0.0,0.0
2019-01-02 14:16:00,2815.0,2815.0,2815.0,2815.0,0.0,0.0
2019-01-02 14:17:00,2815.0,2815.0,2815.0,2815.0,0.0,0.0
2019-01-02 14:18:00,2815.0,2815.0,2815.0,2815.0,0.0,0.0
2019-01-02 14:19:00,2815.0,2815.0,2815.0,2815.0,0.0,0.0
2019-01-02 14:20:00,2815.0,2815.0,2815.0,2815.0,0.0,0.0
2019-01-02 14:21:00,2815.0,2815.0,2815.0,2815.0,0.0,0.0
2019-01-02 14:22:00,2815.0,2815.0,2815.0,2815.0,0.0,0.0
2019-01-02 14:23:00,2815.0,2815.0,2815.0,2815.0,0.0,0.0
2019-01-02 14:24:00,2815.0,2815.0,2815.0,2815.0,0.0,0.0
2019-01-02 14:25:00,2815.0,2815.0,2815.0,2815.0,0.0,0.0
2019-01-02 14:26:00,2815.0,2815.0,2815.0,2815.0,0.0,0.0
2019-01-02 14:27:00,2815.0,2815.0,2815.0,2815.0,0.0,0.0
2019-01-02 14:28:00,2815.0,2815.0,2815.0,2815.0,0.0,0.0
2019-01-02 14:29:00,2815.0,2815.0,2815.0,2815.0,0.0,0.0
2019-01-02 14:30:00,2815.0,2815.0,2815.0,2815.0,0.0,0.0
2019-01-02 14:31:00,2815.0,2815.0,2815.0,2815.0,0.0,0.0
2019-01-02 14:32:00,2815.0,2815.0,2815.0,2815.0,0.0,0.0
2019-01-02 14:33:00,2815.0,2815.0,2815.0,2815.0,0.0,0.0
2019-01-02 14:34:00,2815.0,2815.0,2815.0,2815.0,0.0,0.0
2019-01-02 14:35:00,2815.0,2815.0,2815.0,2815.0,0.0,0.0
2019-01-02 14:36:00,2815.0,2815.0,2815.0,2815.0,0.0,0.0
2019-01-02 14:37:00,2815.0,2815.0,2815.0,2815.0,0.0,0.0
2019-01-02 14:38:00,2815.0,2815.0,2815.0,2815.0,0.0,0.0
2019-01-02 14:39:00,2815.0,2815.0,2815.0,2815.0,0.0,0.0
2019-01-02 14:40:00,2815.0,2815.0,2815.0,2815.0,0.0,0.0
2019-01-02 14:41:00,2815.0,2815.0,2815.0,2815.0,0.0,0.0
2019-01-02 14:42:00,2815.0,2815.0,2815.0,2815.0,0.0,0.0
2019-01-02 14:43:00,2815.0,2815.0,2815.0,2815.0,0.0,0.0
2019-01-02 14:44:00,2815.0,2815.0,2815.0,2815.0,0.0,0.0
2019-01-02 14:45:00,2815.0,2815.0,2815.0,2815.0,0.0,0.0
2019-01-02 14:46:00,2815.0,2815.0,2815.0,2815.0,0.0,0.0
2019-01-02 14:47:00,2815.0,2815.0,2815.0,2815.0,0.0,0.0
2019-01-02 14:48:00,2815.0,2815.0,2815.0,2815.0,0.0,0.0
2019-01-02 14:49:00,2815.0,2815.0,2815.0,2815.0,0.0,0.0
2019-01-02 14:50:00,2815.0,2815.0,2815.0,2815.0,0.0,0.0
2019-01-02 14:51:00,2815.0,2815.0,2815.0,2815.0,0.0,0.0
2019-01-02 14:52:00,2815.0,2815.0,2815.0,2815.0,0.0,0.0
2019-01-02 14:53:00,2815.0,2815.0,2815.0,2815.0,0.0,0.0
2019-01-02 14:54:00,2815.0,2815.0,2815.0,2815.0,0.0,0.0
2019-01-02 14:55:00,2815.0,2815.0,2815.0,2815.0,0.0,0.0
2019-01-02 14:56:00,2815.0,2815.0,2815.0,2815.0,0.0,0.0
2019-01-02 14:57:00,2815.0,2815.0,2815.0,2815.0,0.0,0.0
2019-01-02 14:58:00,2815.0,2815.0,2815.0,2815.0,0.0,0.0
2019-01-02 14:59:00,2815.0,2815.0,2815.0,2815.0,0.0,0.0
2019-01-02 15:00:00,2815.0,2815.0,2815.0,2815.0,0.0,0.0
2019-01-02 15:01:00,2815.0,2815.0,2815.0,2815.0,0.0,0.0
2019-01-02 15:02:00,2815.0,2815.0,2815.0,2815.0,0.0,0.0
2019-01-02 15:03:00,2815.0,2815.0,2815.0,2815.0,0.0,0.0
2019-01-02 15:04:00,2815.0,2815.0,2815.0,2815.0,0.0,0.0
2019-01-02 15:05:00,2815.0,2815.0,2815.0,2815.0,0.0,0.0
2019-01-02 15:06:00,2815.0,2815.0,2815.0,2815.0,0.0,0.0
2019-01-02 15:07:00,2815.0,2815.0,2815.0,2815.0,0.0,0.0
2019-01-02 15:08:00,2815.0,2815.0,2815.0,2815.0,0.0,0.0
2019-01-02 15:09:00,2815.0,2815.0,2815.0,2815.0,0.0,0.0
2019-01-02 15:10:00,2815.0,2815.0,2815.0,2815.0,0.0,0.0
2019-01-02 15:11:00,2815.0,2815.0,2815.0,2815.0,0.0,0.0
2019-01-02 15:12:00,2815.0,2815.0,2815.0,2815.0,0.0,0.0
2019-01-02 15:13:00,2815.0,2815.0,2815.0,2815.0,0.0,0.0
2019-01-02 15:14:00,2815.0,2815.0,2815.0,2815.0,0.0,0.0
2019-01-02 15:15:00,2815.0,2815.0,2815.0,2815.0,0.0,0.0
2019-01-02 15:16:00,2815.0,2815.0,2815.0,2815.0,0.0,0.0
2019-01-02 15:17:00,2815.0,2815.0,2815.0,2815.0,0.0,0.0
2019-01-02 15:18:00,2815.0,2815.0,2815.0,2815.0,0.0,0.0
2019-01-02 15:19:00,2815.0,2815.0,2815.0,2815.0,0.0,0.0
2019-01-02 15:20:00,2815.0,2815.0,2815.0,2815.0,0.0,0.0
2019-01-02 15:21:00,2815.0,2815.0,2815.0,2815.0,0.0,0.0
2019-01-02 15:22:00,2815.0,2815.0,2815.0,2815.0,0.0,0.0
2019-01-02 15:23:00,2815.0,2815.0,2815.0,2815.0,0.0,0.0
2019-01-02 15:24:00,2815.0,2815.0,2815.0,2815.0,0.0,0.0
2019-01-02 15:25:00,2815.0,2815.0,2815.0,2815.0,0.0,0.0
2019-01-02 15:26:00,2815.0,2815.0,2815.0,2815.0,0.0,0.0
2019-01-02 15:27:00,2815.0,2815.0,2815.0,2815.0,0.0,0.0
2019-01-02 15:28:00,2815.0,2815.0,2815.0,2815.0,0.0,0.0
2019-01-02 15:29:00,2815.0,2815.0,2815.0,2815.0,0.0,0.0
2019-01-03 09:15:00,2815.0,2815.0,2815.0,2815.0,0.0,0.0
2019-01-03 09:16:00,2815.0,2815.0,2815.0,2815.0,0.0,0.0
2019-01-03 09:17:00,2815.0,2815.0,2815.0,2815.0,20.0,0.0
2019-01-03 09:18:00,2815.0,2815.0,2815.0,2815.0,0.0,0.0
2019-01-03 09:19:00,2815.0,2815.0,2815.0,2815.0,0.0,0.0
2019-01-03 09:20:00,2815.0,2815.0,2815.0,2815.0,0.0,0.0
2019-01-03 09:21:00,2815.0,2815.0,2815.0,2815.0,0.0,0.0
2019-01-03 09:22:00,2815.0,2815.0,2815.0,2815.0,0.0,0.0
2019-01-03 09:23:00,2815.0,2815.0,2815.0,2815.0,0.0,0.0
2019-01-03 09:24:00,2815.0,2815.0,2815.0,2815.0,0.0,0.0
2019-01-03 09:25:00,2815.0,2815.0,2815.0,2815.0,0.0,0.0
2019-01-03 09:26:00,2815.0,2815.0,2815.0,2815.0,0.0,0.0
2019-01-03 09:27:00,2815.0,2815.0,2815.0,2815.0,0.0,0.0
2019-01-03 09:28:00,2815.0,2815.0,2815.0,2815.0,0.0,0.0
2019-01-03 09:29:00,2815.0,2815.0,2815.0,2815.0,0.0,0.0
2019-01-03 09:30:00,2815.0,2815.0,2815.0,2815.0,0.0,0.0
2019-01-03 09:31:00,2815.0,2815.0,2815.0,2815.0,0.0,0.0
2019-01-03 09:32:00,2815.0,2815.0,2815.0,2815.0,0.0,0.0
2019-01-03 09:33:00,2815.0,2815.0,2815.0,2815.0,0.0,0.0
2019-01-03 09:34:00,2815.0,2815.0,2815.0,2815.0,0.0,0.0
2019-01-03 09:35:00,2815.0,2815.0,2815.0,2815.0,0.0,0.0
2019-01-03 09:36:00,2815.0,2815.0,2815.0,2815.0,0.0,0.0
2019-01-03 09:37:00,2815.0,2815.0,2815.0,2815.0,0.0,0.0
2019-01-03 09:38:00,2815.0,2815.0,2815.0,2815.0,0.0,0.0
2019-01-03 09:39:00,2815.0,2815.0,2815.0,2815.0,0.0,0.0
2019-01-03 09:40:00,2815.0,2815.0,2815.0,2815.0,0.0,0.0
2019-01-03 09:41:00,2815.0,2815.0,2815.0,2815.0,0.0,0.0
2019-01-03 09:42:00,2815.0,2815.0,2815.0,2815.0,0.0,0.0
2019-01-03 09:43:00,2815.0,2815.0,2815.0,2815.0,0.0,0.0
2019-01-03 09:44:00,2815.0,2815.0,2815.0,2815.0,0.0,0.0
2019-01-03 09:45:00,2815.0,2815.0,2815.0,2815.0,0.0,0.0
2019-01-03 09:46:00,2815.0,2815.0,2815.0,2815.0,0.0,0.0
2019-01-03 09:47:00,2815.0,2815.0,2815.0,2815.0,0.0,0.0
2019-01-03 09:48:00,2815.0,2815.0,2815.0,2815.0,0.0,0.0
2019-01-03 09:49:00,2815.0,2815.0,2815.0,2815.0,0.0,0.0
2019-01-03 09:50:00,2815.0,2815.0,2815.0,2815.0,0.0,0.0
2019-01-03 09:51:00,2815.0,2815.0,2815.0,2815.0,0.0,0.0
2019-01-03 09:52:00,2815.0,2815.0,2815.0,2815.0,0.0,0.0
2019-01-03 09:53:00,2815.0,2815.0,2815.0,2815.0,0.0,0.0
2019-01-03 09:54:00,2815.0,2815.0,2815.0,2815.0,0.0,0.0
2019-01-03 09:55:00,2815.0,2815.0,2815.0,2815.0,0.0,0.0
2019-01-03 09:56:00,2815.0,2815.0,2815.0,2815.0,0.0,0.0
2019-01-03 09:57:00,2815.0,2815.0,2815.0,2815.0,0.0,0.0
2019-01-03 09:58:00,2815.0,2815.0,2815.0,2815.0,0.0,0.0
2019-01-03 09:59:00,2815.0,2815.0,2815.0,2815.0,0.0,0.0
2019-01-03 10:00:00,2815.0,2815.0,2815.0,2815.0,0.0,0.0
2019-01-03 10:01:00,2815.0,2815.0,2815.0,2815.0,0.0,0.0
2019-01-03 10:02:00,2815.0,2815.0,2815.0,2815.0,0.0,0.0
2019-01-03 10:03:00,2815.0,2815.0,2815.0,2815.0,0.0,0.0
2019-01-03 10:04:00,2815.0,2815.0,2815.0,2815.0,0.0,0.0
2019-01-03 10:05:00,2815.0,2815.0,2815.0,2815.0,0.0,0.0
2019-01-03 10:06:00,2815.0,2815.0,2815.0,2815.0,0.0,0.0
2019-01-03 10:07:00,2815.0,2815.0,2815.0,2815.0,0.0,0.0
2019-01-03 10:08:00,2815.0,2815.0,2815.0,2815.0,0.0,0.0
2019-01-03 10:09:00,2815.0,2815.0,2815.0,2815.0,0.0,0.0
2019-01-03 10:10:00,2815.0,2815.0,2815.0,2815.0,0.0,0.0
2019-01-03 10:11:00,2815.0,2815.0,2815.0,2815.0,0.0,0.0
2019-01-03 10:12:00,2815.0,2815.0,2815.0,2815.0,0.0,0.0
2019-01-03 10:13:00,2815.0,2815.0,2815.0,2815.0,0.0,0.0
2019-01-03 10:14:00,2815.0,2815.0,2815.0,2815.0,0.0,0.0
2019-01-03 10:15:00,2815.0,2815.0,2815.0,2815.0,0.0,0.0
2019-01-03 10:16:00,2815.0,2815.0,2815.0,2815.0,0.0,0.0
2019-01-03 10:17:00,2815.0,2815.0,2815.0,2815.0,0.0,0.0
2019-01-03 10:18:00,2815.0,2815.0,2815.0,2815.0,0.0,0.0
2019-01-03 10:19:00,2815.0,2815.0,2815.0,2815.0,0.0,0.0
2019-01-03 10:20:00,2815.0,2815.0,2815.0,2815.0,0.0,0.0
2019-01-03 10:21:00,2815.0,2815.0,2815.0,2815.0,0.0,0.0
2019-01-03 10:22:00,2815.0,2815.0,2815.0,2815.0,0.0,0.0
2019-01-03 10:23:00,2815.0,2815.0,2815.0,2815.0,0.0,0.0
2019-01-03 10:24:00,2815.0,2815.0,2815.0,2815.0,0.0,0.0
2019-01-03 10:25:00,2815.0,2815.0,2815.0,2815.0,0.0,0.0
2019-01-03 10:26:00,2815.0,2815.0,2815.0,2815.0,0.0,0.0
2019-01-03 10:27:00,2815.0,2815.0,2815.0,2815.0,0.0,0.0
2019-01-03 10:28:00,2815.0,2815.0,2815.0,2815.0,0.0,0.0
2019-01-03 10:29:00,2815.0,2815.0,2815.0,2815.0,0.0,0.0
2019-01-03 10:30:00,2815.0,2815.0,2815.0,2815.0,0.0,0.0
2019-01-03 10:31:00,2815.0,2815.0,2815.0,2815.0,0.0,0.0
2019-01-03 10:32:00,2815.0,2815.0,2815.0,2815.0,0.0,0.0
2019-01-03 10:33:00,2815.0,2815.0,2815.0,2815.0,0.0,0.0
2019-01-03 10:34:00,2815.0,2815.0,2815.0,2815.0,0.0,0.0
2019-01-03 10:35:00,2815.0,2815.0,2815.0,2815.0,0.0,0.0
2019-01-03 10:36:00,2815.0,2815.0,2815.0,2815.0,0.0,0.0
2019-01-03 10:37:00,2815.0,2815.0,2815.0,2815.0,0.0,0.0
2019-01-03 10:38:00,2815.0,2815.0,2815.0,2815.0,0.0,0.0
2019-01-03 10:39:00,2815.0,2815.0,2815.0,2815.0,0.0,0.0
2019-01-03 10:40:00,2815.0,2815.0,2815.0,2815.0,0.0,0.0
2019-01-03 10:41:00,2815.0,2815.0,2815.0,2815.0,0.0,0.0
2019-01-03 10:42:00,2815.0,2815.0,2815.0,2815.0,0.0,0.0
2019-01-03 10:43:00,2815.0,2815.0,2815.0,2815.0,0.0,0.0
2019-01-03 10:44:00,2815.0,2815.0,2815.0,2815.0,0.0,0.0
2019-01-03 10:45:00,2815.0,2815.0,2815.0,2815.0,0.0,0.0
2019-01-03 10:46:00,2815.0,2815.0,2815.0,2815.0,0.0,0.0
2019-01-03 10:47:00,2815.0,2815.0,2815.0,2815.0,0.0,0.0
2019-01-03 10:48:00,2815.0,2815.0,2815.0,2815.0,0.0,0.0
2019-01-03 10:49:00,2815.0,2815.0,2815.0,2815.0,0.0,0.0
2019-01-03 10:50:00,2815.0,2815.0,2815.0,2815.0,0.0,0.0
2019-01-03 10:51:00,2815.0,2815.0,2815.0,2815.0,0.0,0.0
2019-01-03 10:52:00,2815.0,2815.0,2815.0,2815.0,0.0,0.0
2019-01-03 10:53:00,2815.0,2815.0,2815.0,2815.0,0.0,0.0
2019-01-03 10:54:00,2815.0,2815.0,2815.0,2815.0,0.0,0.0
2019-01-03 10:55:00,2815.0,2815.0,2815.0,2815.0,0.0,0.0
2019-01-03 10:56:00,2815.0,2815.0,2815.0,2815.0,0.0,0.0
2019-01-03 10:57:00,2815.0,2815.0,2815.0,2815.0,0.0,0.0
2019-01-03 10:58:00,2815.0,2815.0,2815.0,2815.0,0.0,0.0
2019-01-03 10:59:00,2815.0,2815.0,2815.0,2815.0,0.0,0.0
2019-01-03 11:00:00,2815.0,2815.0,2815.0,2815.0,0.0,0.0
2019-01-03 11:01:00,2815.0,2815.0,2815.0,2815.0,0.0,0.0
2019-01-03 11:02:00,2815.0,2815.0,2815.0,2815.0,0.0,0.0
2019-01-03 11:03:00,2815.0,2815.0,2815.0,2815.0,0.0,0.0
2019-01-03 11:04:00,2815.0,2815.0,2815.0,2815.0,0.0,0.0
2019-01-03 11:05:00,2815.0,2815.0,2815.0,2815.0,0.0,0.0
2019-01-03 11:06:00,2815.0,2815.0,2815.0,2815.0,0.0,0.0
2019-01-03 11:07:00,2815.0,2815.0,2815.0,2815.0,0.0,0.0
2019-01-03 11:08:00,3520.0,3520.0,2815.0,3520.0,20.0,20.0
2019-01-03 11:09:00,3520.0,3520.0,3520.0,3520.0,0.0,20.0
2019-01-03 11:10:00,3520.0,3520.0,3520.0,3520.0,0.0,20.0
2019-01-03 11:11:00,3520.0,3520.0,3520.0,3520.0,0.0,20.0
2019-01-03 11:12:00,3520.0,3520.0,3520.0,3520.0,0.0,20.0
2019-01-03 11:13:00,3520.0,3520.0,3520.0,3520.0,0.0,20.0
2019-01-03 11:14:00,3520.0,3520.0,3520.0,3520.0,0.0,20.0
2019-01-03 11:15:00,3520.0,3520.0,3520.0,3520.0,0.0,20.0
2019-01-03 11:16:00,3520.0,3520.0,3520.0,3520.0,0.0,20.0
2019-01-03 11:17:00,3520.0,3520.0,3520.0,3520.0,0.0,20.0
2019-01-03 11:18:00,3520.0,3520.0,3520.0,3520.0,0.0,20.0
2019-01-03 11:19:00,3520.0,3520.0,3520.0,3520.0,0.0,20.0
2019-01-03 11:20:00,3520.0,3520.0,3520.0,3520.0,0.0,20.0
2019-01-03 11:21:00,3520.0,3520.0,3520.0,3520.0,0.0,20.0
2019-01-03 11:22:00,3520.0,3520.0,3520.0,3520.0,0.0,20.0
2019-01-03 11:23:00,3520.0,3520.0,3520.0,3520.0,0.0,20.0
2019-01-03 11:24:00,3520.0,3520.0,3520.0,3520.0,0.0,20.0
2019-01-03 11:25:00,3520.0,3520.0,3520.0,3520.0,0.0,20.0
2019-01-03 11:26:00,3520.0,3520.0,3520.0,3520.0,0.0,20.0
2019-01-03 11:27:00,3520.0,3520.0,3520.0,3520.0,0.0,20.0
2019-01-03 11:28:00,3520.0,3520.0,3520.0,3520.0,0.0,20.0
2019-01-03 11:29:00,3520.0,3520.0,3520.0,3520.0,0.0,20.0
2019-01-03 11:30:00,3520.0,3520.0,3520.0,3520.0,0.0,20.0
2019-01-03 11:31:00,3520.0,3520.0,3520.0,3520.0,0.0,20.0
2019-01-03 11:32:00,3520.0,3520.0,3520.0,3520.0,0.0,20.0
2019-01-03 11:33:00,3520.0,3520.0,3520.0,3520.0,0.0,20.0
2019-01-03 11:34:00,3520.0,3520.0,3520.0,3520.0,0.0,20.0
2019-01-03 11:35:00,3520.0,3520.0,3520.0,3520.0,0.0,20.0
2019-01-03 11:36:00,3520.0,3520.0,3520.0,3520.0,0.0,20.0
2019-01-03 11:37:00,3520.0,3520.0,3520.0,3520.0,0.0,20.0
2019-01-03 11:38:00,3520.0,3520.0,3520.0,3520.0,0.0,20.0
2019-01-03 11:39:00,3520.0,3520.0,3520.0,3520.0,0.0,20.0
2019-01-03 11:40:00,3520.0,3520.0,3520.0,3520.0,0.0,20.0
2019-01-03 11:41:00,3520.0,3520.0,3520.0,3520.0,0.0,20.0
2019-01-03 11:42:00,3520.0,3520.0,3520.0,3520.0,0.0,20.0
2019-01-03 11:43:00,3520.0,3520.0,3520.0,3520.0,0.0,20.0
2019-01-03 11:44:00,3520.0,3520.0,3520.0,3520.0,0.0,20.0
2019-01-03 11:45:00,3520.0,3520.0,3520.0,3520.0,0.0,20.0
2019-01-03 11:46:00,3520.0,3520.0,3520.0,3520.0,0.0,20.0
2019-01-03 11:47:00,3520.0,3520.0,3520.0,3520.0,0.0,20.0
2019-01-03 11:48:00,3520.0,3520.0,3520.0,3520.0,0.0,20.0
2019-01-03 11:49:00,3520.0,3520.0,3520.0,3520.0,0.0,20.0
2019-01-03 11:50:00,3520.0,3520.0,3520.0,3520.0,0.0,20.0
2019-01-03 11:51:00,3520.0,3520.0,3520.0,3520.0,0.0,20.0
2019-01-03 11:52:00,3520.0,3520.0,3520.0,3520.0,0.0,20.0
2019-01-03 11:53:00,3520.0,3520.0,3520.0,3520.0,0.0,20.0
2019-01-03 11:54:00,3520.0,3520.0,3520.0,3520.0,0.0,20.0
2019-01-03 11:55:00,3520.0,3520.0,3520.0,3520.0,0.0,20.0
2019-01-03 11:56:00,3520.0,3520.0,3520.0,3520.0,0.0,20.0
2019-01-03 11:57:00,3520.0,3520.0,3520.0,3520.0,0.0,20.0
2019-01-03 11:58:00,3520.0,3520.0,3520.0,3520.0,0.0,20.0
2019-01-03 11:59:00,3520.0,3520.0,3520.0,3520.0,0.0,20.0
2019-01-03 12:00:00,3520.0,3520.0,3520.0,3520.0,0.0,20.0
2019-01-03 12:01:00,3520.0,3520.0,3520.0,3520.0,0.0,20.0
2019-01-03 12:02:00,3520.0,3520.0,3520.0,3520.0,0.0,20.0
2019-01-03 12:03:00,3520.0,3520.0,3520.0,3520.0,0.0,20.0
2019-01-03 12:04:00,3520.0,3520.0,3520.0,3520.0,0.0,20.0
2019-01-03 12:05:00,3520.0,3520.0,3520.0,3520.0,0.0,20.0
2019-01-03 12:06:00,3520.0,3520.0,3520.0,3520.0,0.0,20.0
2019-01-03 12:07:00,3520.0,3520.0,3520.0,3520.0,0.0,20.0
2019-01-03 12:08:00,3520.0,3520.0,3520.0,3520.0,0.0,20.0
2019-01-03 12:09:00,3520.0,3520.0,3520.0,3520.0,0.0,20.0
2019-01-03 12:10:00,3520.0,3520.0,3520.0,3520.0,0.0,20.0
2019-01-03 12:11:00,3520.0,3520.0,3520.0,3520.0,0.0,20.0
2019-01-03 12:12:00,3520.0,3520.0,3520.0,3520.0,0.0,20.0
2019-01-03 12:13:00,3520.0,3520.0,3520.0,3520.0,0.0,20.0
2019-01-03 12:14:00,3520.0,3520.0,3520.0,3520.0,0.0,20.0
2019-01-03 12:15:00,3520.0,3520.0,3520.0,3520.0,0.0,20.0
2019-01-03 12:16:00,3520.0,3520.0,3520.0,3520.0,0.0,20.0
2019-01-03 12:17:00,3520.0,3520.0,3520.0,3520.0,0.0,20.0
2019-01-03 12:18:00,3520.0,3520.0,3520.0,3520.0,0.0,20.0
2019-01-03 12:19:00,3520.0,3520.0,3520.0,3520.0,0.0,20.0
2019-01-03 12:20:00,3520.0,3520.0,3520.0,3520.0,0.0,20.0
2019-01-03 12:21:00,3520.0,3520.0,3520.0,3520.0,0.0,20.0
2019-01-03 12:22:00,3520.0,3520.0,3520.0,3520.0,0.0,20.0
2019-01-03 12:23:00,3520.0,3520.0,3520.0,3520.0,0.0,20.0
2019-01-03 12:24:00,3520.0,3520.0,3520.0,3520.0,0.0,20.0
2019-01-03 12:25:00,3520.0,3520.0,3520.0,3520.0,0.0,20.0
2019-01-03 12:26:00,3520.0,3520.0,3520.0,3520.0,0.0,20.0
2019-01-03 12:27:00,3520.0,3520.0,3520.0,3520.0,0.0,20.0
2019-01-03 12:28:00,3520.0,3520.0,3520.0,3520.0,0.0,20.0
2019-01-03 12:29:00,3520.0,3520.0,3520.0,3520.0,0.0,20.0
2019-01-03 12:30:00,3520.0,3520.0,3520.0,3520.0,0.0,20.0
2019-01-03 12:31:00,3520.0,3520.0,3520.0,3520.0,0.0,20.0
2019-01-03 12:32:00,3520.0,3520.0,3520.0,3520.0,0.0,20.0
2019-01-03 12:33:00,3520.0,3520.0,3520.0,3520.0,0.0,20.0
2019-01-03 12:34:00,3520.0,3520.0,3520.0,3520.0,0.0,20.0
2019-01-03 12:35:00,3520.0,3520.0,3520.0,3520.0,0.0,20.0
2019-01-03 12:36:00,3520.0,3520.0,3520.0,3520.0,0.0,20.0
2019-01-03 12:37:00,3520.0,3520.0,3520.0,3520.0,0.0,20.0
2019-01-03 12:38:00,3520.0,3520.0,3520.0,3520.0,0.0,20.0
2019-01-03 12:39:00,3520.0,3520.0,3520.0,3520.0,0.0,20.0
2019-01-03 12:40:00,3520.0,3520.0,3520.0,3520.0,0.0,20.0
2019-01-03 12:41:00,3520.0,3520.0,3520.0,3520.0,0.0,20.0
2019-01-03 12:42:00,3520.0,3520.0,3520.0,3520.0,0.0,20.0
2019-01-03 12:43:00,3520.0,3520.0,3520.0,3520.0,0.0,20.0
2019-01-03 12:44:00,3520.0,3520.0,3520.0,3520.0,0.0,20.0
2019-01-03 12:45:00,3520.0,3520.0,3520.0,3520.0,0.0,20.0
2019-01-03 12:46:00,3520.0,3520.0,3520.0,3520.0,0.0,20.0
2019-01-03 12:47:00,3520.0,3520.0,3520.0,3520.0,0.0,20.0
2019-01-03 12:48:00,3520.0,3520.0,3520.0,3520.0,0.0,20.0
2019-01-03 12:49:00,3520.0,3520.0,3520.0,3520.0,0.0,20.0
2019-01-03 12:50:00,3520.0,3520.0,3520.0,3520.0,0.0,20.0
2019-01-03 12:51:00,3520.0,3520.0,3520.0,3520.0,0.0,20.0
2019-01-03 12:52:00,3520.0,3520.0,3520.0,3520.0,0.0,20.0
2019-01-03 12:53:00,3520.0,3520.0,3520.0,3520.0,0.0,20.0
2019-01-03 12:54:00,3520.0,3520.0,3520.0,3520.0,0.0,20.0
2019-01-03 12:55:00,3520.0,3520.0,3520.0,3520.0,0.0,20.0
2019-01-03 12:56:00,3520.0,3520.0,3520.0,3520.0,0.0,20.0
2019-01-03 12:57:00,3520.0,3520.0,3520.0,3520.0,0.0,20.0
2019-01-03 12:58:00,3520.0,3520.0,3520.0,3520.0,0.0,20.0
2019-01-03 12:59:00,3520.0,3520.0,3520.0,3520.0,0.0,20.0
2019-01-03 13:00:00,3520.0,3520.0,3520.0,3520.0,0.0,20.0
2019-01-03 13:01:00,3520.0,3520.0,3520.0,3520.0,0.0,20.0
2019-01-03 13:02:00,3520.0,3520.0,3520.0,3520.0,0.0,20.0
2019-01-03 13:03:00,3520.0,3520.0,3520.0,3520.0,0.0,20.0
2019-01-03 13:04:00,3520.0,3520.0,3520.0,3520.0,0.0,20.0
2019-01-03 13:05:00,3520.0,3520.0,3520.0,3520.0,0.0,20.0
2019-01-03 13:06:00,3520.0,3520.0,3520.0,3520.0,0.0,20.0
2019-01-03 13:07:00,3520.0,3520.0,3520.0,3520.0,0.0,20.0
2019-01-03 13:08:00,3520.0,3520.0,3520.0,3520.0,0.0,20.0
2019-01-03 13:09:00,3520.0,3520.0,3520.0,3520.0,0.0,20.0
2019-01-03 13:10:00,3520.0,3520.0,3520.0,3520.0,0.0,20.0
2019-01-03 13:11:00,3520.0,3520.0,3520.0,3520.0,0.0,20.0
2019-01-03 13:12:00,3520.0,3520.0,3520.0,3520.0,0.0,20.0
2019-01-03 13:13:00,3520.0,3520.0,3520.0,3520.0,0.0,20.0
2019-01-03 13:14:00,3520.0,3520.0,3520.0,3520.0,0.0,20.0
2019-01-03 13:15:00,3520.0,3520.0,3520.0,3520.0,0.0,20.0
2019-01-03 13:16:00,3520.0,3520.0,3520.0,3520.0,0.0,20.0
2019-01-03 13:17:00,3520.0,3520.0,3520.0,3520.0,0.0,20.0
2019-01-03 13:18:00,3520.0,3520.0,3520.0,3520.0,0.0,20.0
2019-01-03 13:19:00,3520.0,3520.0,3520.0,3520.0,0.0,20.0
2019-01-03 13:20:00,3520.0,3520.0,3520.0,3520.0,0.0,20.0
2019-01-03 13:21:00,3520.0,3520.0,3520.0,3520.0,0.0,20.0
2019-01-03 13:22:00,3520.0,3520.0,3520.0,3520.0,0.0,20.0
2019-01-03 13:23:00,3520.0,3520.0,3520.0,3520.0,0.0,20.0
2019-01-03 13:24:00,3520.0,3520.0,3520.0,3520.0,0.0,20.0
2019-01-03 13:25:00,3520.0,3520.0,3520.0,3520.0,0.0,20.0
2019-01-03 13:26:00,3520.0,3520.0,3520.0,3520.0,0.0,20.0
2019-01-03 13:27:00,3520.0,3520.0,3520.0,3520.0,0.0,20.0
2019-01-03 13:28:00,3520.0,3520.0,3520.0,3520.0,0.0,20.0
2019-01-03 13:29:00,3520.0,3520.0,3520.0,3520.0,0.0,20.0
2019-01-03 13:30:00,3520.0,3520.0,3520.0,3520.0,0.0,20.0
2019-01-03 13:31:00,3520.0,3520.0,3520.0,3520.0,0.0,20.0
2019-01-03 13:32:00,3520.0,3520.0,3520.0,3520.0,0.0,20.0
2019-01-03 13:33:00,3520.0,3520.0,3520.0,3520.0,0.0,20.0
2019-01-03 13:34:00,3520.0,3520.0,3520.0,3520.0,0.0,20.0
2019-01-03 13:35:00,3520.0,3520.0,3520.0,3520.0,0.0,20.0
2019-01-03 13:36:00,3520.0,3520.0,3520.0,3520.0,0.0,20.0
2019-01-03 13:37:00,3520.0,3520.0,3520.0,3520.0,0.0,20.0
2019-01-03 13:38:00,3520.0,3520.0,3520.0,3520.0,0.0,20.0
2019-01-03 13:39:00,3520.0,3520.0,3520.0,3520.0,0.0,20.0
2019-01-03 13:40:00,3520.0,3520.0,3520.0,3520.0,0.0,20.0
2019-01-03 13:41:00,3520.0,3520.0,3520.0,3520.0,0.0,20.0
2019-01-03 13:42:00,3520.0,3520.0,3520.0,3520.0,0.0,20.0
2019-01-03 13:43:00,3520.0,3520.0,3520.0,3520.0,0.0,20.0
2019-01-03 13:44:00,3520.0,3520.0,3520.0,3520.0,0.0,20.0
2019-01-03 13:45:00,3520.0,3520.0,3520.0,3520.0,0.0,20.0
2019-01-03 13:46:00,3520.0,3520.0,3520.0,3520.0,0.0,20.0
2019-01-03 13:47:00,3520.0,3520.0,3520.0,3520.0,0.0,20.0
2019-01-03 13:48:00,3520.0,3520.0,3520.0,3520.0,0.0,20.0
2019-01-03 13:49:00,3520.0,3520.0,3520.0,3520.0,0.0,20.0
2019-01-03 13:50:00,3520.0,3520.0,3520.0,3520.0,0.0,20.0
2019-01-03 13:51:00,3520.0,3520.0,3520.0,3520.0,0.0,20.0
2019-01-03 13:52:00,3520.0,3520.0,3520.0,3520.0,0.0,20.0
2019-01-03 13:53:00,3520.0,3520.0,3520.0,3520.0,0.0,20.0
2019-01-03 13:54:00,3520.0,3520.0,3520.0,3520.0,0.0,20.0
2019-01-03 13:55:00,3520.0,3520.0,3520.0,3520.0,0.0,20.0
2019-01-03 13:56:00,3520.0,3520.0,3520.0,3520.0,0.0,20.0
2019-01-03 13:57:00,3520.0,3520.0,3520.0,3520.0,0.0,20.0
2019-01-03 13:58:00,3520.0,3520.0,3520.0,3520.0,0.0,20.0
2019-01-03 13:59:00,3520.0,3520.0,3520.0,3520.0,0.0,20.0
2019-01-03 14:00:00,3520.0,3520.0,3520.0,3520.0,0.0,20.0
2019-01-03 14:01:00,3520.0,3520.0,3520.0,3520.0,0.0,20.0
2019-01-03 14:02:00,3520.0,3520.0,3520.0,3520.0,0.0,20.0
2019-01-03 14:03:00,3520.0,3520.0,3520.0,3520.0,0.0,20.0
2019-01-03 14:04:00,3520.0,3520.0,3520.0,3520.0,0.0,20.0
2019-01-03 14:05:00,3520.0,3520.0,3520.0,3520.0,0.0,20.0
2019-01-03 14:06:00,3520.0,3520.0,3520.0,3520.0,0.0,20.0
2019-01-03 14:07:00,3520.0,3520.0,3520.0,3520.0,0.0,20.0
2019-01-03 14:08:00,3520.0,3520.0,3520.0,3520.0,0.0,20.0
2019-01-03 14:09:00,3520.0,3520.0,3520.0,3520.0,0.0,20.0
2019-01-03 14:10:00,3520.0,3520.0,3520.0,3520.0,0.0,20.0
2019-01-03 14:11:00,3520.0,3520.0,3520.0,3520.0,0.0,20.0
2019-01-03 14:12:00,3520.0,3520.0,3520.0,3520.0,0.0,20.0
2019-01-03 14:13:00,3520.0,3520.0,3520.0,3520.0,0.0,20.0
2019-01-03 14:14:00,3520.0,3520.0,3520.0,3520.0,0.0,20.0
2019-01-03 14:15:00,3520.0,3520.0,3520.0,3520.0,0.0,20.0
2019-01-03 14:16:00,3520.0,3520.0,3520.0,3520.0,0.0,20.0
2019-01-03 14:17:00,3520.0,3520.0,3520.0,3520.0,0.0,20.0
2019-01-03 14:18:00,3520.0,3520.0,3520.0,3520.0,0.0,20.0
2019-01-03 14:19:00,3520.0,3520.0,3520.0,3520.0,0.0,20.0
2019-01-03 14:20:00,3520.0,3520.0,3520.0,3520.0,0.0,20.0
2019-01-03 14:21:00,3520.0,3520.0,3520.0,3520.0,0.0,20.0
2019-01-03 14:22:00,3520.0,3520.0,3520.0,3520.0,0.0,20.0
2019-01-03 14:23:00,3520.0,3520.0,3520.0,3520.0,0.0,20.0
2019-01-03 14:24:00,3520.0,3520.0,3520.0,3520.0,0.0,20.0
2019-01-03 14:25:00,3520.0,3520.0,3520.0,3520.0,0.0,20.0
2019-01-03 14:26:00,3520.0,3520.0,3520.0,3520.0,0.0,20.0
2019-01-03 14:27:00,3520.0,3520.0,3520.0,3520.0,0.0,20.0
2019-01-03 14:28:00,3520.0,3520.0,3520.0,3520.0,0.0,20.0
2019-01-03 14:29:00,3520.0,3520.0,3520.0,3520.0,0.0,20.0
2019-01-03 14:30:00,3520.0,3520.0,3520.0,3520.0,0.0,20.0
2019-01-03 14:31:00,3520.0,3520.0,3520.0,3520.0,0.0,20.0
2019-01-03 14:32:00,3520.0,3520.0,3520.0,3520.0,0.0,20.0
2019-01-03 14:33:00,3520.0,3520.0,3520.0,3520.0,0.0,20.0
2019-01-03 14:34:00,3520.0,3520.0,3520.0,3520.0,0.0,20.0
2019-01-03 14:35:00,3520.0,3520.0,3520.0,3520.0,0.0,20.0
2019-01-03 14:36:00,3520.0,3520.0,3520.0,3520.0,0.0,20.0
2019-01-03 14:37:00,3520.0,3520.0,3520.0,3520.0,0.0,20.0
2019-01-03 14:38:00,3520.0,3520.0,3520.0,3520.0,0.0,20.0
2019-01-03 14:39:00,3520.0,3520.0,3520.0,3520.0,0.0,20.0
2019-01-03 14:40:00,3520.0,3520.0,3520.0,3520.0,0.0,20.0
2019-01-03 14:41:00,3520.0,3520.0,3520.0,3520.0,0.0,20.0
2019-01-03 14:42:00,3520.0,3520.0,3520.0,3520.0,0.0,20.0
2019-01-03 14:43:00,3520.0,3520.0,3520.0,3520.0,0.0,20.0
2019-01-03 14:44:00,3520.0,3520.0,3520.0,3520.0,0.0,20.0
2019-01-03 14:45:00,3520.0,3520.0,3520.0,3520.0,0.0,20.0
2019-01-03 14:46:00,3520.0,3520.0,3520.0,3520.0,0.0,20.0
2019-01-03 14:47:00,3520.0,3520.0,3520.0,3520.0,0.0,20.0
2019-01-03 14:48:00,3520.0,3520.0,3520.0,3520.0,0.0,20.0
2019-01-03 14:49:00,3520.0,3520.0,3520.0,3520.0,0.0,20.0
2019-01-03 14:50:00,3520.0,3520.0,3520.0,3520.0,0.0,20.0
2019-01-03 14:51:00,3520.0,3520.0,3520.0,3520.0,0.0,20.0
2019-01-03 14:52:00,3520.0,3520.0,3520.0,3520.0,0.0,20.0
2019-01-03 14:53:00,3520.0,3520.0,3520.0,3520.0,0.0,20.0
2019-01-03 14:54:00,3520.0,3520.0,3520.0,3520.0,0.0,20.0
2019-01-03 14:55:00,3520.0,3520.0,3520.0,3520.0,0.0,20.0
2019-01-03 14:56:00,3520.0,3520.0,3520.0,3520.0,0.0,20.0
2019-01-03 14:57:00,3520.0,3520.0,3520.0,3520.0,0.0,20.0
2019-01-03 14:58:00,3520.0,3520.0,3520.0,3520.0,0.0,20.0
2019-01-03 14:59:00,3520.0,3520.0,3520.0,3520.0,0.0,20.0
2019-01-03 15:00:00,3520.0,3520.0,3520.0,3520.0,0.0,20.0
2019-01-03 15:01:00,3520.0,3520.0,3520.0,3520.0,0.0,20.0
2019-01-03 15:02:00,3520.0,3520.0,3520.0,3520.0,0.0,20.0
2019-01-03 15:03:00,3520.0,3520.0,3520.0,3520.0,0.0,20.0
2019-01-03 15:04:00,3520.0,3520.0,3520.0,3520.0,0.0,20.0
2019-01-03 15:05:00,3520.0,3520.0,3520.0,3520.0,0.0,20.0
2019-01-03 15:06:00,3520.0,3520.0,3520.0,3520.0,0.0,20.0
2019-01-03 15:07:00,3520.0,3520.0,3520.0,3520.0,0.0,20.0
2019-01-03 15:08:00,3520.0,3520.0,3520.0,3520.0,0.0,20.0
2019-01-03 15:09:00,3520.0,3520.0,3520.0,3520.0,0.0,20.0
2019-01-03 15:10:00,3520.0,3520.0,3520.0,3520.0,0.0,20.0
2019-01-03 15:11:00,3520.0,3520.0,3520.0,3520.0,0.0,20.0
2019-01-03 15:12:00,3520.0,3520.0,3520.0,3520.0,0.0,20.0
2019-01-03 15:13:00,3520.0,3520.0,3520.0,3520.0,0.0,20.0
2019-01-03 15:14:00,3520.0,3520.0,3520.0,3520.0,0.0,20.0
2019-01-03 15:15:00,3520.0,3520.0,3520.0,3520.0,0.0,20.0
2019-01-03 15:16:00,3520.0,3520.0,3520.0,3520.0,0.0,20.0
2019-01-03 15:17:00,3520.0,3520.0,3520.0,3520.0,0.0,20.0
2019-01-03 15:18:00,3520.0,3520.0,3520.0,3520.0,0.0,20.0
2019-01-03 15:19:00,3520.0,3520.0,3520.0,3520.0,0.0,20.0
2019-01-03 15:20:00,3520.0,3520.0,3520.0,3520.0,0.0,20.0
2019-01-03 15:21:00,3520.0,3520.0,3520.0,3520.0,0.0,20.0
2019-01-03 15:22:00,3520.0,3520.0,3520.0,3520.0,0.0,20.0
2019-01-03 15:23:00,3520.0,3520.0,3520.0,3520.0,0.0,20.0
2019-01-03 15:24:00,3520.0,3520.0,3520.0,3520.0,0.0,20.0
2019-01-03 15:25:00,3520.0,3520.0,3520.0,3520.0,0.0,20.0
2019-01-03 15:26:00,3520.0,3520.0,3520.0,3520.0,0.0,20.0
2019-01-03 15:27:00,3520.0,3520.0,3520.0,3520.0,0.0,20.0
2019-01-03 15:28:00,3520.0,3520.0,3520.0,3520.0,0.0,20.0
2019-01-03 15:29:00,3520.0,3520.0,3520.0,3520.0,0.0,20.0
